2026-05-20 12:27:37,103 - backend.database.mongo - INFO - preparing database indexes
2026-05-20 12:27:38,733 - backend.database.mongo - INFO - database connection check succeeded
2026-05-20 12:27:39,974 - backend.database.mongo - INFO - database indexes prepared successfully
2026-05-20 12:27:40,013 - backend.database.mongo - INFO - default admin seed skipped because admin already exists
2026-05-20 12:27:42,156 - scmxpertlite.request - INFO - request completed
2026-05-20 12:27:48,516 - scmxpertlite.request - INFO - request completed
2026-05-20 12:27:48,662 - scmxpertlite.request - INFO - request completed
2026-05-20 12:30:34,875 - scmxpertlite.request - INFO - request completed
2026-05-20 12:31:12,631 - scmxpertlite.request - INFO - request completed
2026-05-20 12:31:28,307 - scmxpertlite.request - INFO - request completed
2026-05-20 12:31:28,390 - scmxpertlite.request - INFO - request completed
2026-05-20 12:32:16,904 - scmxpertlite.request - INFO - request completed
2026-05-20 12:32:29,322 - scmxpertlite.request - INFO - request completed
2026-05-20 12:32:29,815 - scmxpertlite.request - INFO - request completed
2026-05-20 12:32:50,908 - scmxpertlite.request - INFO - request completed
2026-05-20 12:34:06,458 - backend.database.mongo - INFO - closing MongoDB connection
2026-05-20 12:34:08,326 - backend.database.mongo - INFO - preparing database indexes
2026-05-20 12:34:09,770 - backend.database.mongo - INFO - database connection check succeeded
2026-05-20 12:34:10,167 - backend.database.mongo - INFO - database indexes prepared successfully
2026-05-20 12:34:10,210 - backend.database.mongo - INFO - default admin seed skipped because admin already exists
2026-05-20 12:39:09,842 - scmxpertlite.request - INFO - request completed
2026-05-20 12:39:10,340 - scmxpertlite.request - INFO - request completed
2026-05-20 12:39:23,181 - scmxpertlite.request - INFO - request completed
2026-05-20 12:41:57,437 - backend.routes.auth.user_auth_routes - INFO - login requested
2026-05-20 12:41:57,437 - backend.services.auth_service - INFO - authenticating user
2026-05-20 12:41:57,828 - backend.services.auth_service - INFO - authentication succeeded
2026-05-20 12:41:57,828 - backend.routes.auth.user_auth_routes - INFO - login completed
2026-05-20 12:41:57,856 - scmxpertlite.request - INFO - request completed
2026-05-20 12:42:12,188 - scmxpertlite.request - INFO - request completed
2026-05-20 12:42:46,754 - scmxpertlite.request - INFO - request completed
2026-05-20 12:42:47,291 - scmxpertlite.request - INFO - request completed
2026-05-20 12:43:43,339 - backend.routes.shipment_routes - INFO - shipment creation requested
2026-05-20 12:43:43,387 - backend.routes.shipment_routes - INFO - shipment created successfully
2026-05-20 12:43:43,389 - scmxpertlite.request - INFO - request completed
2026-05-20 12:44:56,033 - scmxpertlite.request - INFO - request completed
2026-05-20 12:44:57,971 - scmxpertlite.request - INFO - request completed
2026-05-20 12:44:58,165 - scmxpertlite.request - INFO - request completed
2026-05-20 12:44:58,334 - scmxpertlite.request - INFO - request completed
2026-05-20 12:45:10,509 - scmxpertlite.request - INFO - request completed
2026-05-20 12:46:47,124 - backend.routes.auth.user_auth_routes - INFO - login requested
2026-05-20 12:46:47,125 - backend.services.auth_service - INFO - authenticating user
2026-05-20 12:46:47,510 - backend.services.auth_service - INFO - authentication succeeded
2026-05-20 12:46:47,510 - backend.routes.auth.user_auth_routes - INFO - login completed
2026-05-20 12:46:47,510 - scmxpertlite.request - INFO - request completed
2026-05-20 12:48:27,861 - backend.routes.shipment_routes - INFO - shipment creation requested
2026-05-20 12:48:27,938 - backend.routes.shipment_routes - INFO - shipment created successfully
2026-05-20 12:48:27,938 - scmxpertlite.request - INFO - request completed
2026-05-20 16:19:28,772 - backend.database.mongo - INFO - preparing database indexes
2026-05-20 16:19:30,260 - backend.database.mongo - INFO - database connection check succeeded
2026-05-20 16:19:31,078 - backend.database.mongo - INFO - database indexes prepared successfully
2026-05-20 16:19:31,181 - backend.database.mongo - INFO - default admin seed skipped because admin already exists
2026-05-20 16:19:33,155 - scmxpertlite.request - INFO - request completed
2026-05-20 16:19:38,000 - scmxpertlite.request - INFO - request completed
2026-05-20 16:19:38,132 - scmxpertlite.request - INFO - request completed
2026-05-20 16:23:10,971 - backend.database.mongo - INFO - closing MongoDB connection
2026-05-20 16:23:13,524 - backend.database.mongo - INFO - preparing database indexes
2026-05-20 16:23:14,381 - backend.database.mongo - INFO - database connection check succeeded
2026-05-20 16:23:14,758 - backend.database.mongo - INFO - database indexes prepared successfully
2026-05-20 16:23:14,784 - backend.database.mongo - INFO - default admin seed skipped because admin already exists
2026-05-20 16:25:41,026 - backend.database.mongo - INFO - preparing database indexes
2026-05-20 16:25:42,458 - backend.database.mongo - INFO - database connection check succeeded
2026-05-20 16:25:43,260 - backend.database.mongo - INFO - database indexes prepared successfully
2026-05-20 16:25:43,408 - backend.database.mongo - INFO - default admin seed skipped because admin already exists
2026-05-20 16:25:43,433 - backend.database.mongo - INFO - closing MongoDB connection
2026-05-20 16:34:18,923 - backend.database.mongo - INFO - closing MongoDB connection
2026-05-20 16:34:21,347 - backend.database.mongo - INFO - preparing database indexes
2026-05-20 16:34:22,436 - backend.database.mongo - INFO - database connection check succeeded
2026-05-20 16:34:23,092 - backend.database.mongo - INFO - database indexes prepared successfully
2026-05-20 16:34:23,159 - backend.database.mongo - INFO - default admin seed skipped because admin already exists
2026-05-20 16:34:25,624 - backend.database.mongo - INFO - closing MongoDB connection
2026-05-20 16:34:27,974 - backend.database.mongo - INFO - preparing database indexes
2026-05-20 16:34:28,627 - backend.database.mongo - INFO - database connection check succeeded
2026-05-20 16:34:29,061 - backend.database.mongo - INFO - database indexes prepared successfully
2026-05-20 16:34:29,091 - backend.database.mongo - INFO - default admin seed skipped because admin already exists
2026-05-20 16:35:06,208 - backend.database.mongo - INFO - preparing database indexes
2026-05-20 16:35:06,881 - backend.database.mongo - INFO - database connection check succeeded
2026-05-20 16:35:07,317 - backend.database.mongo - INFO - database indexes prepared successfully
2026-05-20 16:35:07,356 - backend.database.mongo - INFO - default admin seed skipped because admin already exists
2026-05-20 16:35:10,002 - scmxpertlite.request - INFO - request completed
2026-05-20 16:35:16,343 - scmxpertlite.request - INFO - request completed
2026-05-20 16:35:16,545 - scmxpertlite.request - INFO - request completed
2026-05-20 16:36:56,991 - backend.database.mongo - INFO - closing MongoDB connection
2026-05-20 16:36:59,230 - backend.database.mongo - INFO - preparing database indexes
2026-05-20 16:37:00,113 - backend.database.mongo - INFO - database connection check succeeded
2026-05-20 16:37:00,504 - backend.database.mongo - INFO - database indexes prepared successfully
2026-05-20 16:37:00,535 - backend.database.mongo - INFO - default admin seed skipped because admin already exists
2026-05-20 16:39:44,506 - backend.database.mongo - INFO - closing MongoDB connection
2026-05-20 16:39:47,246 - backend.database.mongo - INFO - preparing database indexes
2026-05-20 16:39:48,180 - backend.database.mongo - INFO - database connection check succeeded
2026-05-20 16:39:48,584 - backend.database.mongo - INFO - database indexes prepared successfully
2026-05-20 16:39:48,606 - backend.database.mongo - INFO - default admin seed skipped because admin already exists
2026-05-20 16:40:07,175 - backend.database.mongo - INFO - closing MongoDB connection
2026-05-20 16:40:10,029 - backend.database.mongo - INFO - preparing database indexes
2026-05-20 16:40:10,719 - backend.database.mongo - INFO - database connection check succeeded
2026-05-20 16:40:11,126 - backend.database.mongo - INFO - database indexes prepared successfully
2026-05-20 16:40:11,174 - backend.database.mongo - INFO - default admin seed skipped because admin already exists
2026-05-20 16:40:11,356 - backend.database.mongo - INFO - closing MongoDB connection
2026-05-20 16:40:14,297 - backend.database.mongo - INFO - preparing database indexes
2026-05-20 16:40:15,098 - backend.database.mongo - INFO - database connection check succeeded
2026-05-20 16:40:15,657 - backend.database.mongo - INFO - database indexes prepared successfully
2026-05-20 16:40:15,758 - backend.database.mongo - INFO - default admin seed skipped because admin already exists
2026-05-20 16:40:51,021 - backend.database.mongo - INFO - closing MongoDB connection
2026-05-20 16:40:53,932 - backend.database.mongo - INFO - preparing database indexes
2026-05-20 16:40:54,888 - backend.database.mongo - INFO - database connection check succeeded
2026-05-20 16:40:55,262 - backend.database.mongo - INFO - database indexes prepared successfully
2026-05-20 16:40:55,296 - backend.database.mongo - INFO - default admin seed skipped because admin already exists
2026-05-20 16:41:00,073 - backend.routes.shipment_routes - INFO - shipment creation requested
2026-05-20 16:41:00,073 - backend.routes.shipment_routes - INFO - shipment created successfully
2026-05-20 16:41:00,079 - scmxpertlite.request - INFO - request completed
2026-05-20 16:41:00,079 - httpx - INFO - HTTP Request: POST http://testserver/api/shipments "HTTP/1.1 201 Created"
2026-05-20 16:41:00,079 - backend.database.mongo - INFO - closing MongoDB connection
2026-05-20 16:41:00,097 - scmxpertlite.request - INFO - request completed
2026-05-20 16:41:00,098 - httpx - INFO - HTTP Request: POST http://testserver/api/shipments "HTTP/1.1 422 Unprocessable Entity"
2026-05-20 16:41:00,098 - backend.database.mongo - INFO - closing MongoDB connection
2026-05-20 16:41:00,108 - backend.routes.shipment_routes - INFO - shipment list requested
2026-05-20 16:41:00,109 - scmxpertlite.request - INFO - request completed
2026-05-20 16:41:00,109 - httpx - INFO - HTTP Request: GET http://testserver/api/shipments "HTTP/1.1 200 OK"
2026-05-20 16:41:00,110 - backend.database.mongo - INFO - closing MongoDB connection
2026-05-20 16:41:00,120 - backend.routes.shipment_routes - INFO - shipment lookup requested
2026-05-20 16:41:00,120 - scmxpertlite.request - INFO - request completed
2026-05-20 16:41:00,121 - httpx - INFO - HTTP Request: GET http://testserver/api/shipments/SCM-OWN1 "HTTP/1.1 200 OK"
2026-05-20 16:41:00,121 - backend.database.mongo - INFO - closing MongoDB connection
2026-05-20 16:41:00,125 - backend.routes.shipment_routes - INFO - shipment update requested
2026-05-20 16:41:00,125 - scmxpertlite.request - INFO - request completed
2026-05-20 16:41:00,125 - httpx - INFO - HTTP Request: PATCH http://testserver/api/shipments/SCM-OWN1 "HTTP/1.1 200 OK"
2026-05-20 16:41:00,132 - backend.database.mongo - INFO - closing MongoDB connection
2026-05-20 16:41:00,139 - backend.routes.shipment_routes - INFO - shipment deletion requested
2026-05-20 16:41:00,141 - scmxpertlite.request - INFO - request completed
2026-05-20 16:41:00,141 - httpx - INFO - HTTP Request: DELETE http://testserver/api/shipments/SCM-OWN1 "HTTP/1.1 200 OK"
2026-05-20 16:41:00,143 - backend.database.mongo - INFO - closing MongoDB connection
2026-05-20 16:41:16,556 - backend.database.mongo - INFO - preparing database indexes
2026-05-20 16:41:17,477 - backend.database.mongo - INFO - database connection check succeeded
2026-05-20 16:41:17,857 - backend.database.mongo - INFO - database indexes prepared successfully
2026-05-20 16:41:17,890 - backend.database.mongo - INFO - default admin seed skipped because admin already exists
2026-05-20 16:41:17,921 - backend.database.mongo - INFO - closing MongoDB connection
2026-05-20 16:42:45,024 - backend.database.mongo - INFO - closing MongoDB connection
2026-05-20 16:42:47,729 - backend.database.mongo - INFO - preparing database indexes
2026-05-20 16:42:48,735 - backend.database.mongo - INFO - database connection check succeeded
2026-05-20 16:42:49,173 - backend.database.mongo - INFO - database indexes prepared successfully
2026-05-20 16:42:49,223 - backend.database.mongo - INFO - default admin seed skipped because admin already exists
2026-05-20 16:42:52,441 - backend.database.mongo - INFO - closing MongoDB connection
2026-05-20 16:42:54,681 - backend.database.mongo - INFO - preparing database indexes
2026-05-20 16:42:55,369 - backend.database.mongo - INFO - database connection check succeeded
2026-05-20 16:42:55,778 - backend.database.mongo - INFO - database indexes prepared successfully
2026-05-20 16:42:55,806 - backend.database.mongo - INFO - default admin seed skipped because admin already exists
2026-05-20 16:43:00,209 - backend.routes.shipment_routes - INFO - shipment creation requested
2026-05-20 16:43:00,211 - backend.routes.shipment_routes - INFO - shipment created successfully
2026-05-20 16:43:00,211 - scmxpertlite.request - INFO - request completed
2026-05-20 16:43:00,211 - httpx - INFO - HTTP Request: POST http://testserver/api/shipments "HTTP/1.1 201 Created"
2026-05-20 16:43:00,211 - backend.database.mongo - INFO - closing MongoDB connection
2026-05-20 16:43:00,227 - scmxpertlite.request - INFO - request completed
2026-05-20 16:43:00,227 - httpx - INFO - HTTP Request: POST http://testserver/api/shipments "HTTP/1.1 422 Unprocessable Entity"
2026-05-20 16:43:00,227 - backend.database.mongo - INFO - closing MongoDB connection
2026-05-20 16:43:00,238 - backend.routes.shipment_routes - INFO - shipment list requested
2026-05-20 16:43:00,238 - scmxpertlite.request - INFO - request completed
2026-05-20 16:43:00,238 - httpx - INFO - HTTP Request: GET http://testserver/api/shipments "HTTP/1.1 200 OK"
2026-05-20 16:43:00,238 - backend.database.mongo - INFO - closing MongoDB connection
2026-05-20 16:43:00,250 - backend.routes.shipment_routes - INFO - shipment lookup requested
2026-05-20 16:43:00,250 - scmxpertlite.request - INFO - request completed
2026-05-20 16:43:00,250 - httpx - INFO - HTTP Request: GET http://testserver/api/shipments/SCM-OWN1 "HTTP/1.1 200 OK"
2026-05-20 16:43:00,252 - backend.database.mongo - INFO - closing MongoDB connection
2026-05-20 16:43:00,263 - backend.routes.shipment_routes - INFO - shipment update requested
2026-05-20 16:43:00,263 - scmxpertlite.request - INFO - request completed
2026-05-20 16:43:00,265 - httpx - INFO - HTTP Request: PATCH http://testserver/api/shipments/SCM-OWN1 "HTTP/1.1 200 OK"
2026-05-20 16:43:00,265 - backend.database.mongo - INFO - closing MongoDB connection
2026-05-20 16:43:00,274 - backend.routes.shipment_routes - INFO - shipment deletion requested
2026-05-20 16:43:00,274 - scmxpertlite.request - INFO - request completed
2026-05-20 16:43:00,278 - httpx - INFO - HTTP Request: DELETE http://testserver/api/shipments/SCM-OWN1 "HTTP/1.1 200 OK"
2026-05-20 16:43:00,278 - backend.database.mongo - INFO - closing MongoDB connection
2026-05-20 16:44:30,640 - backend.database.mongo - INFO - preparing database indexes
2026-05-20 16:44:31,835 - backend.database.mongo - INFO - database connection check succeeded
2026-05-20 16:44:32,536 - backend.database.mongo - INFO - database indexes prepared successfully
2026-05-20 16:44:32,583 - backend.database.mongo - INFO - default admin seed skipped because admin already exists
2026-05-20 16:44:32,606 - backend.database.mongo - INFO - closing MongoDB connection
2026-05-20 16:44:32,685 - scmxpertlite.request - INFO - request completed
2026-05-20 16:44:38,261 - scmxpertlite.request - INFO - request completed
2026-05-20 16:44:38,466 - scmxpertlite.request - INFO - request completed
2026-05-20 16:52:44,283 - backend.database.mongo - INFO - preparing database indexes
2026-05-20 16:52:45,176 - backend.database.mongo - INFO - database connection check succeeded
2026-05-20 16:52:45,618 - backend.database.mongo - INFO - database indexes prepared successfully
2026-05-20 16:52:45,667 - backend.database.mongo - INFO - default admin seed skipped because admin already exists
2026-05-20 16:52:45,693 - backend.database.mongo - INFO - closing MongoDB connection
2026-05-20 16:53:08,223 - scmxpertlite.request - INFO - request completed
2026-05-20 16:53:08,224 - httpx - INFO - HTTP Request: GET http://testserver/api/admin/users "HTTP/1.1 403 Forbidden"
2026-05-20 16:53:08,225 - backend.database.mongo - INFO - closing MongoDB connection
2026-05-20 16:53:08,236 - backend.routes.auth.admin_auth_routes - INFO - admin user list requested
2026-05-20 16:53:08,249 - scmxpertlite.request - INFO - request completed
2026-05-20 16:53:08,250 - httpx - INFO - HTTP Request: GET http://testserver/api/admin/users "HTTP/1.1 200 OK"
2026-05-20 16:53:08,251 - backend.database.mongo - INFO - closing MongoDB connection
2026-05-20 16:53:09,616 - backend.routes.shipment_routes - INFO - shipment creation requested
2026-05-20 16:53:09,616 - backend.routes.shipment_routes - INFO - shipment created successfully
2026-05-20 16:53:09,618 - scmxpertlite.request - INFO - request completed
2026-05-20 16:53:09,618 - httpx - INFO - HTTP Request: POST http://testserver/api/shipments "HTTP/1.1 201 Created"
2026-05-20 16:53:09,620 - backend.database.mongo - INFO - closing MongoDB connection
2026-05-20 16:53:09,628 - scmxpertlite.request - INFO - request completed
2026-05-20 16:53:09,630 - httpx - INFO - HTTP Request: POST http://testserver/api/shipments "HTTP/1.1 422 Unprocessable Entity"
2026-05-20 16:53:09,630 - backend.database.mongo - INFO - closing MongoDB connection
2026-05-20 16:53:09,637 - backend.routes.shipment_routes - INFO - shipment list requested
2026-05-20 16:53:09,638 - scmxpertlite.request - INFO - request completed
2026-05-20 16:53:09,638 - httpx - INFO - HTTP Request: GET http://testserver/api/shipments "HTTP/1.1 200 OK"
2026-05-20 16:53:09,638 - backend.database.mongo - INFO - closing MongoDB connection
2026-05-20 16:53:09,642 - backend.routes.shipment_routes - INFO - shipment lookup requested
2026-05-20 16:53:09,642 - scmxpertlite.request - INFO - request completed
2026-05-20 16:53:09,642 - httpx - INFO - HTTP Request: GET http://testserver/api/shipments/SCM-OWN1 "HTTP/1.1 200 OK"
2026-05-20 16:53:09,642 - backend.database.mongo - INFO - closing MongoDB connection
2026-05-20 16:53:09,647 - backend.routes.shipment_routes - INFO - shipment update requested
2026-05-20 16:53:09,647 - scmxpertlite.request - INFO - request completed
2026-05-20 16:53:09,647 - httpx - INFO - HTTP Request: PATCH http://testserver/api/shipments/SCM-OWN1 "HTTP/1.1 200 OK"
2026-05-20 16:53:09,647 - backend.database.mongo - INFO - closing MongoDB connection
2026-05-20 16:53:09,663 - backend.routes.shipment_routes - INFO - shipment deletion requested
2026-05-20 16:53:09,663 - scmxpertlite.request - INFO - request completed
2026-05-20 16:53:09,664 - httpx - INFO - HTTP Request: DELETE http://testserver/api/shipments/SCM-OWN1 "HTTP/1.1 200 OK"
2026-05-20 16:53:09,664 - backend.database.mongo - INFO - closing MongoDB connection
2026-05-20 16:53:09,668 - scmxpertlite.request - INFO - request completed
2026-05-20 16:53:09,668 - httpx - INFO - HTTP Request: POST http://testserver/api/users "HTTP/1.1 404 Not Found"
2026-05-20 16:53:09,668 - scmxpertlite.request - INFO - request completed
2026-05-20 16:53:09,668 - httpx - INFO - HTTP Request: POST http://testserver/api/users "HTTP/1.1 404 Not Found"
2026-05-20 16:53:09,668 - backend.database.mongo - INFO - closing MongoDB connection
2026-05-20 16:53:09,840 - scmxpertlite.request - INFO - request completed
2026-05-20 16:53:09,853 - httpx - INFO - HTTP Request: GET http://testserver/api/users/6a0d999d49a36ac4b3c79163 "HTTP/1.1 404 Not Found"
2026-05-20 16:53:09,853 - backend.database.mongo - INFO - closing MongoDB connection
2026-05-20 16:53:09,853 - scmxpertlite.request - INFO - request completed
2026-05-20 16:53:09,853 - httpx - INFO - HTTP Request: GET http://testserver/api/users/not-a-valid-object-id "HTTP/1.1 404 Not Found"
2026-05-20 16:53:09,853 - backend.database.mongo - INFO - closing MongoDB connection
2026-05-20 16:53:09,869 - backend.database.mongo - INFO - preparing database indexes
2026-05-20 16:53:09,869 - backend.database.mongo - INFO - database indexes prepared successfully
2026-05-20 16:53:43,903 - backend.database.mongo - INFO - closing MongoDB connection
2026-05-20 16:53:46,584 - backend.database.mongo - INFO - preparing database indexes
2026-05-20 16:53:48,120 - backend.database.mongo - INFO - database connection check succeeded
2026-05-20 16:53:48,613 - backend.database.mongo - INFO - database indexes prepared successfully
2026-05-20 16:53:48,641 - backend.database.mongo - INFO - default admin seed skipped because admin already exists
2026-05-20 16:53:48,788 - backend.database.mongo - INFO - closing MongoDB connection
2026-05-20 16:53:50,780 - backend.database.mongo - INFO - preparing database indexes
2026-05-20 16:53:51,905 - backend.database.mongo - INFO - database connection check succeeded
2026-05-20 16:53:52,404 - backend.database.mongo - INFO - database indexes prepared successfully
2026-05-20 16:53:52,439 - backend.database.mongo - INFO - default admin seed skipped because admin already exists
2026-05-20 16:54:13,717 - backend.database.mongo - INFO - closing MongoDB connection
2026-05-20 16:54:16,642 - backend.database.mongo - INFO - preparing database indexes
2026-05-20 16:54:17,319 - backend.database.mongo - INFO - database connection check succeeded
2026-05-20 16:54:17,687 - backend.database.mongo - INFO - database indexes prepared successfully
2026-05-20 16:54:17,724 - backend.database.mongo - INFO - default admin seed skipped because admin already exists
2026-05-20 16:54:24,086 - scmxpertlite.request - INFO - request completed
2026-05-20 16:54:24,086 - httpx - INFO - HTTP Request: GET http://testserver/api/admin/users "HTTP/1.1 403 Forbidden"
2026-05-20 16:54:24,086 - backend.database.mongo - INFO - closing MongoDB connection
2026-05-20 16:54:24,096 - backend.routes.auth.admin_auth_routes - INFO - admin user list requested
2026-05-20 16:54:24,102 - scmxpertlite.request - INFO - request completed
2026-05-20 16:54:24,102 - httpx - INFO - HTTP Request: GET http://testserver/api/admin/users "HTTP/1.1 200 OK"
2026-05-20 16:54:24,102 - backend.database.mongo - INFO - closing MongoDB connection
2026-05-20 16:54:25,355 - backend.routes.shipment_routes - INFO - shipment creation requested
2026-05-20 16:54:25,355 - backend.routes.shipment_routes - INFO - shipment created successfully
2026-05-20 16:54:25,355 - scmxpertlite.request - INFO - request completed
2026-05-20 16:54:25,355 - httpx - INFO - HTTP Request: POST http://testserver/api/shipments "HTTP/1.1 201 Created"
2026-05-20 16:54:25,355 - backend.database.mongo - INFO - closing MongoDB connection
2026-05-20 16:54:25,355 - scmxpertlite.request - INFO - request completed
2026-05-20 16:54:25,355 - httpx - INFO - HTTP Request: POST http://testserver/api/shipments "HTTP/1.1 422 Unprocessable Entity"
2026-05-20 16:54:25,355 - backend.database.mongo - INFO - closing MongoDB connection
2026-05-20 16:54:25,365 - backend.routes.shipment_routes - INFO - shipment list requested
2026-05-20 16:54:25,365 - scmxpertlite.request - INFO - request completed
2026-05-20 16:54:25,365 - httpx - INFO - HTTP Request: GET http://testserver/api/shipments "HTTP/1.1 200 OK"
2026-05-20 16:54:25,365 - backend.database.mongo - INFO - closing MongoDB connection
2026-05-20 16:54:25,365 - backend.routes.shipment_routes - INFO - shipment lookup requested
2026-05-20 16:54:25,365 - scmxpertlite.request - INFO - request completed
2026-05-20 16:54:25,378 - httpx - INFO - HTTP Request: GET http://testserver/api/shipments/SCM-OWN1 "HTTP/1.1 200 OK"
2026-05-20 16:54:25,379 - backend.database.mongo - INFO - closing MongoDB connection
2026-05-20 16:54:25,385 - backend.routes.shipment_routes - INFO - shipment update requested
2026-05-20 16:54:25,385 - scmxpertlite.request - INFO - request completed
2026-05-20 16:54:25,387 - httpx - INFO - HTTP Request: PATCH http://testserver/api/shipments/SCM-OWN1 "HTTP/1.1 200 OK"
2026-05-20 16:54:25,387 - backend.database.mongo - INFO - closing MongoDB connection
2026-05-20 16:54:25,394 - backend.routes.shipment_routes - INFO - shipment deletion requested
2026-05-20 16:54:25,394 - scmxpertlite.request - INFO - request completed
2026-05-20 16:54:25,394 - httpx - INFO - HTTP Request: DELETE http://testserver/api/shipments/SCM-OWN1 "HTTP/1.1 200 OK"
2026-05-20 16:54:25,394 - backend.database.mongo - INFO - closing MongoDB connection
2026-05-20 16:54:25,396 - backend.routes.auth.user_auth_routes - INFO - signup requested
2026-05-20 16:54:25,396 - backend.routes.auth.user_auth_routes - INFO - signup completed
2026-05-20 16:54:25,396 - scmxpertlite.request - INFO - request completed
2026-05-20 16:54:25,396 - httpx - INFO - HTTP Request: POST http://testserver/api/auth/signup "HTTP/1.1 201 Created"
2026-05-20 16:54:25,396 - backend.database.mongo - INFO - closing MongoDB connection
2026-05-20 16:54:25,410 - backend.routes.auth.user_auth_routes - INFO - signup requested
2026-05-20 16:54:25,410 - backend.routes.auth.user_auth_routes - WARNING - signup rejected by validation or business rule
2026-05-20 16:54:25,410 - scmxpertlite.request - INFO - request completed
2026-05-20 16:54:25,412 - httpx - INFO - HTTP Request: POST http://testserver/api/auth/signup "HTTP/1.1 409 Conflict"
2026-05-20 16:54:25,412 - backend.database.mongo - INFO - closing MongoDB connection
2026-05-20 16:54:25,429 - scmxpertlite.request - INFO - request completed
2026-05-20 16:54:25,429 - httpx - INFO - HTTP Request: POST http://testserver/api/auth/signup "HTTP/1.1 422 Unprocessable Entity"
2026-05-20 16:54:25,429 - backend.database.mongo - INFO - closing MongoDB connection
2026-05-20 16:54:25,435 - backend.database.mongo - INFO - preparing database indexes
2026-05-20 16:54:25,435 - backend.database.mongo - INFO - database indexes prepared successfully
2026-05-20 16:54:36,094 - scmxpertlite.request - INFO - request completed
2026-05-20 16:54:36,095 - httpx - INFO - HTTP Request: GET http://testserver/api/admin/users "HTTP/1.1 403 Forbidden"
2026-05-20 16:54:36,097 - backend.database.mongo - INFO - closing MongoDB connection
2026-05-20 16:54:36,109 - backend.routes.auth.admin_auth_routes - INFO - admin user list requested
2026-05-20 16:54:36,119 - scmxpertlite.request - INFO - request completed
2026-05-20 16:54:36,120 - httpx - INFO - HTTP Request: GET http://testserver/api/admin/users "HTTP/1.1 200 OK"
2026-05-20 16:54:36,120 - backend.database.mongo - INFO - closing MongoDB connection
2026-05-20 16:54:37,545 - backend.routes.shipment_routes - INFO - shipment creation requested
2026-05-20 16:54:37,545 - backend.routes.shipment_routes - INFO - shipment created successfully
2026-05-20 16:54:37,545 - scmxpertlite.request - INFO - request completed
2026-05-20 16:54:37,545 - httpx - INFO - HTTP Request: POST http://testserver/api/shipments "HTTP/1.1 201 Created"
2026-05-20 16:54:37,545 - backend.database.mongo - INFO - closing MongoDB connection
2026-05-20 16:54:37,553 - scmxpertlite.request - INFO - request completed
2026-05-20 16:54:37,553 - httpx - INFO - HTTP Request: POST http://testserver/api/shipments "HTTP/1.1 422 Unprocessable Entity"
2026-05-20 16:54:37,553 - backend.database.mongo - INFO - closing MongoDB connection
2026-05-20 16:54:37,561 - backend.routes.shipment_routes - INFO - shipment list requested
2026-05-20 16:54:37,561 - scmxpertlite.request - INFO - request completed
2026-05-20 16:54:37,561 - httpx - INFO - HTTP Request: GET http://testserver/api/shipments "HTTP/1.1 200 OK"
2026-05-20 16:54:37,563 - backend.database.mongo - INFO - closing MongoDB connection
2026-05-20 16:54:37,563 - backend.routes.shipment_routes - INFO - shipment lookup requested
2026-05-20 16:54:37,563 - scmxpertlite.request - INFO - request completed
2026-05-20 16:54:37,563 - httpx - INFO - HTTP Request: GET http://testserver/api/shipments/SCM-OWN1 "HTTP/1.1 200 OK"
2026-05-20 16:54:37,563 - backend.database.mongo - INFO - closing MongoDB connection
2026-05-20 16:54:37,579 - backend.routes.shipment_routes - INFO - shipment update requested
2026-05-20 16:54:37,579 - scmxpertlite.request - INFO - request completed
2026-05-20 16:54:37,579 - httpx - INFO - HTTP Request: PATCH http://testserver/api/shipments/SCM-OWN1 "HTTP/1.1 200 OK"
2026-05-20 16:54:37,581 - backend.database.mongo - INFO - closing MongoDB connection
2026-05-20 16:54:37,585 - backend.routes.shipment_routes - INFO - shipment deletion requested
2026-05-20 16:54:37,585 - scmxpertlite.request - INFO - request completed
2026-05-20 16:54:37,585 - httpx - INFO - HTTP Request: DELETE http://testserver/api/shipments/SCM-OWN1 "HTTP/1.1 200 OK"
2026-05-20 16:54:37,588 - backend.database.mongo - INFO - closing MongoDB connection
2026-05-20 16:54:37,588 - backend.routes.auth.user_auth_routes - INFO - signup requested
2026-05-20 16:54:37,588 - backend.routes.auth.user_auth_routes - INFO - signup completed
2026-05-20 16:54:37,588 - scmxpertlite.request - INFO - request completed
2026-05-20 16:54:37,588 - httpx - INFO - HTTP Request: POST http://testserver/api/auth/signup "HTTP/1.1 201 Created"
2026-05-20 16:54:37,597 - backend.database.mongo - INFO - closing MongoDB connection
2026-05-20 16:54:37,597 - backend.routes.auth.user_auth_routes - INFO - signup requested
2026-05-20 16:54:37,597 - backend.routes.auth.user_auth_routes - WARNING - signup rejected by validation or business rule
2026-05-20 16:54:37,597 - scmxpertlite.request - INFO - request completed
2026-05-20 16:54:37,597 - httpx - INFO - HTTP Request: POST http://testserver/api/auth/signup "HTTP/1.1 409 Conflict"
2026-05-20 16:54:37,597 - backend.database.mongo - INFO - closing MongoDB connection
2026-05-20 16:54:37,607 - scmxpertlite.request - INFO - request completed
2026-05-20 16:54:37,607 - httpx - INFO - HTTP Request: POST http://testserver/api/auth/signup "HTTP/1.1 422 Unprocessable Entity"
2026-05-20 16:54:37,612 - backend.database.mongo - INFO - closing MongoDB connection
2026-05-20 16:54:37,613 - backend.database.mongo - INFO - preparing database indexes
2026-05-20 16:54:37,613 - backend.database.mongo - INFO - database indexes prepared successfully
2026-05-20 16:54:57,506 - backend.database.mongo - INFO - preparing database indexes
2026-05-20 16:54:59,150 - backend.database.mongo - INFO - database connection check succeeded
2026-05-20 16:54:59,532 - backend.database.mongo - INFO - database indexes prepared successfully
2026-05-20 16:54:59,571 - backend.database.mongo - INFO - default admin seed skipped because admin already exists
2026-05-20 16:54:59,596 - backend.database.mongo - INFO - closing MongoDB connection
2026-05-20 16:56:46,852 - backend.database.mongo - INFO - closing MongoDB connection
2026-05-20 16:56:48,814 - backend.database.mongo - INFO - preparing database indexes
2026-05-20 16:56:49,783 - backend.database.mongo - INFO - database connection check succeeded
2026-05-20 16:56:50,216 - backend.database.mongo - INFO - database indexes prepared successfully
2026-05-20 16:56:50,253 - backend.database.mongo - INFO - default admin seed skipped because admin already exists
2026-05-20 16:56:53,970 - scmxpertlite.request - INFO - request completed
2026-05-20 16:56:53,971 - httpx - INFO - HTTP Request: GET http://testserver/api/admin/users "HTTP/1.1 403 Forbidden"
2026-05-20 16:56:53,973 - backend.database.mongo - INFO - closing MongoDB connection
2026-05-20 16:56:53,984 - backend.routes.auth.admin_auth_routes - INFO - admin user list requested
2026-05-20 16:56:53,992 - scmxpertlite.request - INFO - request completed
2026-05-20 16:56:53,992 - httpx - INFO - HTTP Request: GET http://testserver/api/admin/users "HTTP/1.1 200 OK"
2026-05-20 16:56:53,994 - backend.database.mongo - INFO - closing MongoDB connection
2026-05-20 16:56:55,508 - backend.routes.shipment_routes - INFO - shipment creation requested
2026-05-20 16:56:55,508 - backend.routes.shipment_routes - INFO - shipment created successfully
2026-05-20 16:56:55,508 - scmxpertlite.request - INFO - request completed
2026-05-20 16:56:55,509 - httpx - INFO - HTTP Request: POST http://testserver/api/shipments "HTTP/1.1 201 Created"
2026-05-20 16:56:55,509 - backend.database.mongo - INFO - closing MongoDB connection
2026-05-20 16:56:55,517 - scmxpertlite.request - INFO - request completed
2026-05-20 16:56:55,519 - httpx - INFO - HTTP Request: POST http://testserver/api/shipments "HTTP/1.1 422 Unprocessable Entity"
2026-05-20 16:56:55,520 - backend.database.mongo - INFO - closing MongoDB connection
2026-05-20 16:56:55,525 - backend.routes.shipment_routes - INFO - shipment list requested
2026-05-20 16:56:55,525 - scmxpertlite.request - INFO - request completed
2026-05-20 16:56:55,525 - httpx - INFO - HTTP Request: GET http://testserver/api/shipments "HTTP/1.1 200 OK"
2026-05-20 16:56:55,525 - backend.database.mongo - INFO - closing MongoDB connection
2026-05-20 16:56:55,535 - backend.routes.shipment_routes - INFO - shipment lookup requested
2026-05-20 16:56:55,535 - scmxpertlite.request - INFO - request completed
2026-05-20 16:56:55,535 - httpx - INFO - HTTP Request: GET http://testserver/api/shipments/SCM-OWN1 "HTTP/1.1 200 OK"
2026-05-20 16:56:55,535 - backend.database.mongo - INFO - closing MongoDB connection
2026-05-20 16:56:55,535 - backend.routes.shipment_routes - INFO - shipment update requested
2026-05-20 16:56:55,535 - scmxpertlite.request - INFO - request completed
2026-05-20 16:56:55,535 - httpx - INFO - HTTP Request: PATCH http://testserver/api/shipments/SCM-OWN1 "HTTP/1.1 200 OK"
2026-05-20 16:56:55,535 - backend.database.mongo - INFO - closing MongoDB connection
2026-05-20 16:56:55,556 - backend.routes.shipment_routes - INFO - shipment deletion requested
2026-05-20 16:56:55,556 - scmxpertlite.request - INFO - request completed
2026-05-20 16:56:55,556 - httpx - INFO - HTTP Request: DELETE http://testserver/api/shipments/SCM-OWN1 "HTTP/1.1 200 OK"
2026-05-20 16:56:55,556 - backend.database.mongo - INFO - closing MongoDB connection
2026-05-20 16:56:55,560 - backend.routes.auth.user_auth_routes - INFO - signup requested
2026-05-20 16:56:55,566 - backend.routes.auth.user_auth_routes - INFO - signup completed
2026-05-20 16:56:55,566 - scmxpertlite.request - INFO - request completed
2026-05-20 16:56:55,566 - httpx - INFO - HTTP Request: POST http://testserver/api/auth/signup "HTTP/1.1 201 Created"
2026-05-20 16:56:55,566 - backend.database.mongo - INFO - closing MongoDB connection
2026-05-20 16:56:55,575 - backend.routes.auth.user_auth_routes - INFO - signup requested
2026-05-20 16:56:55,575 - backend.routes.auth.user_auth_routes - WARNING - signup rejected by validation or business rule
2026-05-20 16:56:55,575 - scmxpertlite.request - INFO - request completed
2026-05-20 16:56:55,575 - httpx - INFO - HTTP Request: POST http://testserver/api/auth/signup "HTTP/1.1 409 Conflict"
2026-05-20 16:56:55,575 - backend.database.mongo - INFO - closing MongoDB connection
2026-05-20 16:56:55,584 - scmxpertlite.request - INFO - request completed
2026-05-20 16:56:55,584 - httpx - INFO - HTTP Request: POST http://testserver/api/auth/signup "HTTP/1.1 422 Unprocessable Entity"
2026-05-20 16:56:55,584 - backend.database.mongo - INFO - closing MongoDB connection
2026-05-20 16:56:55,593 - backend.database.mongo - INFO - preparing database indexes
2026-05-20 16:56:55,593 - backend.database.mongo - INFO - database indexes prepared successfully
2026-05-20 16:57:41,633 - backend.database.mongo - INFO - preparing database indexes
2026-05-20 16:57:42,322 - backend.database.mongo - INFO - database connection check succeeded
2026-05-20 16:57:42,921 - backend.database.mongo - INFO - database indexes prepared successfully
2026-05-20 16:57:43,028 - backend.database.mongo - INFO - default admin seed skipped because admin already exists
2026-05-20 16:57:43,059 - backend.database.mongo - INFO - closing MongoDB connection
2026-05-20 16:57:49,222 - scmxpertlite.request - INFO - request completed
2026-05-20 16:57:54,217 - scmxpertlite.request - INFO - request completed
2026-05-20 16:58:01,144 - scmxpertlite.request - INFO - request completed
2026-05-20 16:58:01,271 - scmxpertlite.request - INFO - request completed
2026-05-20 16:58:39,849 - backend.database.mongo - INFO - preparing database indexes
2026-05-20 16:58:41,241 - backend.database.mongo - INFO - database connection check succeeded
2026-05-20 16:58:42,117 - backend.database.mongo - INFO - database indexes prepared successfully
2026-05-20 16:58:42,221 - backend.database.mongo - INFO - default admin seed skipped because admin already exists
2026-05-20 16:59:46,047 - scmxpertlite.request - INFO - request completed
2026-05-20 17:00:51,704 - scmxpertlite.request - INFO - request completed
2026-05-20 17:00:54,573 - scmxpertlite.request - INFO - request completed
2026-05-20 17:00:54,976 - scmxpertlite.request - INFO - request completed
2026-05-20 17:28:38,464 - backend.database.mongo - INFO - closing MongoDB connection
2026-05-20 17:28:38,521 - backend.database.mongo - INFO - closing MongoDB connection
2026-05-20 17:28:42,450 - backend.database.mongo - INFO - preparing database indexes
2026-05-20 17:28:42,570 - backend.database.mongo - INFO - preparing database indexes
2026-05-20 17:28:43,472 - backend.database.mongo - INFO - database connection check succeeded
2026-05-20 17:28:43,484 - backend.database.mongo - INFO - database connection check succeeded
2026-05-20 17:28:43,925 - backend.database.mongo - INFO - database indexes prepared successfully
2026-05-20 17:28:43,926 - backend.database.mongo - INFO - database indexes prepared successfully
2026-05-20 17:28:43,964 - backend.database.mongo - INFO - default admin seed skipped because admin already exists
2026-05-20 17:28:43,966 - backend.database.mongo - INFO - default admin seed skipped because admin already exists
2026-05-20 17:29:15,478 - backend.database.mongo - INFO - closing MongoDB connection
2026-05-20 17:29:15,493 - backend.database.mongo - INFO - closing MongoDB connection
2026-05-20 17:29:18,957 - backend.database.mongo - INFO - preparing database indexes
2026-05-20 17:29:18,988 - backend.database.mongo - INFO - preparing database indexes
2026-05-20 17:29:19,706 - backend.database.mongo - INFO - database connection check succeeded
2026-05-20 17:29:19,713 - backend.database.mongo - INFO - database connection check succeeded
2026-05-20 17:29:20,138 - backend.database.mongo - INFO - database indexes prepared successfully
2026-05-20 17:29:20,138 - backend.database.mongo - INFO - database indexes prepared successfully
2026-05-20 17:29:20,183 - backend.database.mongo - INFO - default admin seed skipped because admin already exists
2026-05-20 17:29:20,183 - backend.database.mongo - INFO - default admin seed skipped because admin already exists
2026-05-20 17:29:22,530 - backend.database.mongo - INFO - closing MongoDB connection
2026-05-20 17:29:25,171 - backend.database.mongo - INFO - preparing database indexes
2026-05-20 17:29:25,844 - backend.database.mongo - INFO - database connection check succeeded
2026-05-20 17:29:26,257 - backend.database.mongo - INFO - database indexes prepared successfully
2026-05-20 17:29:26,291 - backend.database.mongo - INFO - default admin seed skipped because admin already exists
2026-05-20 17:30:00,536 - backend.database.mongo - INFO - closing MongoDB connection
2026-05-20 17:30:00,556 - backend.database.mongo - INFO - closing MongoDB connection
2026-05-20 17:30:04,203 - backend.database.mongo - INFO - preparing database indexes
2026-05-20 17:30:04,293 - backend.database.mongo - INFO - preparing database indexes
2026-05-20 17:30:05,152 - backend.database.mongo - INFO - database connection check succeeded
2026-05-20 17:30:05,185 - backend.database.mongo - INFO - database connection check succeeded
2026-05-20 17:30:05,576 - backend.database.mongo - INFO - database indexes prepared successfully
2026-05-20 17:30:05,615 - backend.database.mongo - INFO - default admin seed skipped because admin already exists
2026-05-20 17:30:05,631 - backend.database.mongo - INFO - database indexes prepared successfully
2026-05-20 17:30:05,670 - backend.database.mongo - INFO - default admin seed skipped because admin already exists
2026-05-20 17:30:11,148 - backend.routes.device_routes - INFO - device creation requested
2026-05-20 17:30:11,148 - backend.routes.device_routes - INFO - device created successfully
2026-05-20 17:30:11,151 - scmxpertlite.request - INFO - request completed
2026-05-20 17:30:11,153 - httpx - INFO - HTTP Request: POST http://testserver/api/devices "HTTP/1.1 201 Created"
2026-05-20 17:30:11,154 - backend.database.mongo - INFO - closing MongoDB connection
2026-05-20 17:30:11,166 - backend.routes.device_routes - INFO - device creation requested
2026-05-20 17:30:11,166 - backend.routes.device_routes - WARNING - device creation rejected due to duplicate device id
2026-05-20 17:30:11,167 - scmxpertlite.request - INFO - request completed
2026-05-20 17:30:11,167 - httpx - INFO - HTTP Request: POST http://testserver/api/devices "HTTP/1.1 409 Conflict"
2026-05-20 17:30:11,168 - backend.database.mongo - INFO - closing MongoDB connection
2026-05-20 17:30:11,183 - backend.routes.device_routes - INFO - device list requested
2026-05-20 17:30:11,185 - scmxpertlite.request - INFO - request completed
2026-05-20 17:30:11,187 - httpx - INFO - HTTP Request: GET http://testserver/api/devices "HTTP/1.1 200 OK"
2026-05-20 17:30:11,187 - backend.database.mongo - INFO - closing MongoDB connection
2026-05-20 17:30:11,201 - backend.routes.device_routes - INFO - device lookup requested
2026-05-20 17:30:11,203 - scmxpertlite.request - INFO - request completed
2026-05-20 17:30:11,204 - httpx - INFO - HTTP Request: GET http://testserver/api/devices/DEV-001 "HTTP/1.1 200 OK"
2026-05-20 17:30:11,205 - backend.database.mongo - INFO - closing MongoDB connection
2026-05-20 17:30:11,218 - backend.routes.device_routes - INFO - device update requested
2026-05-20 17:30:11,219 - scmxpertlite.request - INFO - request completed
2026-05-20 17:30:11,219 - httpx - INFO - HTTP Request: PATCH http://testserver/api/devices/DEV-001 "HTTP/1.1 200 OK"
2026-05-20 17:30:11,220 - backend.database.mongo - INFO - closing MongoDB connection
2026-05-20 17:30:11,235 - backend.routes.device_routes - INFO - device deletion requested
2026-05-20 17:30:11,239 - scmxpertlite.request - INFO - request completed
2026-05-20 17:30:11,240 - httpx - INFO - HTTP Request: DELETE http://testserver/api/devices/DEV-001 "HTTP/1.1 200 OK"
2026-05-20 17:30:11,241 - backend.database.mongo - INFO - closing MongoDB connection
2026-05-20 17:30:11,264 - scmxpertlite.request - INFO - request completed
2026-05-20 17:30:11,266 - httpx - INFO - HTTP Request: GET http://testserver/api/admin/users "HTTP/1.1 403 Forbidden"
2026-05-20 17:30:11,266 - backend.database.mongo - INFO - closing MongoDB connection
2026-05-20 17:30:11,279 - backend.routes.auth.admin_auth_routes - INFO - admin user list requested
2026-05-20 17:30:11,291 - scmxpertlite.request - INFO - request completed
2026-05-20 17:30:11,292 - httpx - INFO - HTTP Request: GET http://testserver/api/admin/users "HTTP/1.1 200 OK"
2026-05-20 17:30:11,293 - backend.database.mongo - INFO - closing MongoDB connection
2026-05-20 17:30:12,893 - backend.routes.device_routes - INFO - device creation requested
2026-05-20 17:30:12,893 - backend.routes.device_routes - INFO - device created successfully
2026-05-20 17:30:12,893 - scmxpertlite.request - INFO - request completed
2026-05-20 17:30:12,894 - httpx - INFO - HTTP Request: POST http://testserver/api/devices "HTTP/1.1 201 Created"
2026-05-20 17:30:12,895 - backend.database.mongo - INFO - closing MongoDB connection
2026-05-20 17:30:12,906 - backend.routes.device_routes - INFO - device creation requested
2026-05-20 17:30:12,906 - backend.routes.device_routes - WARNING - device creation rejected due to duplicate device id
2026-05-20 17:30:12,906 - scmxpertlite.request - INFO - request completed
2026-05-20 17:30:12,907 - httpx - INFO - HTTP Request: POST http://testserver/api/devices "HTTP/1.1 409 Conflict"
2026-05-20 17:30:12,907 - backend.database.mongo - INFO - closing MongoDB connection
2026-05-20 17:30:12,916 - backend.routes.device_routes - INFO - device list requested
2026-05-20 17:30:12,918 - scmxpertlite.request - INFO - request completed
2026-05-20 17:30:12,918 - httpx - INFO - HTTP Request: GET http://testserver/api/devices "HTTP/1.1 200 OK"
2026-05-20 17:30:12,920 - backend.database.mongo - INFO - closing MongoDB connection
2026-05-20 17:30:12,929 - backend.routes.device_routes - INFO - device lookup requested
2026-05-20 17:30:12,931 - scmxpertlite.request - INFO - request completed
2026-05-20 17:30:12,932 - httpx - INFO - HTTP Request: GET http://testserver/api/devices/DEV-001 "HTTP/1.1 200 OK"
2026-05-20 17:30:12,933 - backend.database.mongo - INFO - closing MongoDB connection
2026-05-20 17:30:12,945 - backend.routes.device_routes - INFO - device update requested
2026-05-20 17:30:12,946 - scmxpertlite.request - INFO - request completed
2026-05-20 17:30:12,947 - httpx - INFO - HTTP Request: PATCH http://testserver/api/devices/DEV-001 "HTTP/1.1 200 OK"
2026-05-20 17:30:12,947 - backend.database.mongo - INFO - closing MongoDB connection
2026-05-20 17:30:12,960 - backend.routes.device_routes - INFO - device deletion requested
2026-05-20 17:30:12,961 - scmxpertlite.request - INFO - request completed
2026-05-20 17:30:12,962 - httpx - INFO - HTTP Request: DELETE http://testserver/api/devices/DEV-001 "HTTP/1.1 200 OK"
2026-05-20 17:30:12,963 - backend.database.mongo - INFO - closing MongoDB connection
2026-05-20 17:30:12,984 - backend.routes.shipment_routes - INFO - shipment creation requested
2026-05-20 17:30:12,984 - backend.routes.shipment_routes - INFO - shipment created successfully
2026-05-20 17:30:12,985 - scmxpertlite.request - INFO - request completed
2026-05-20 17:30:12,986 - httpx - INFO - HTTP Request: POST http://testserver/api/shipments "HTTP/1.1 201 Created"
2026-05-20 17:30:12,987 - backend.database.mongo - INFO - closing MongoDB connection
2026-05-20 17:30:12,999 - scmxpertlite.request - INFO - request completed
2026-05-20 17:30:12,999 - httpx - INFO - HTTP Request: POST http://testserver/api/shipments "HTTP/1.1 422 Unprocessable Entity"
2026-05-20 17:30:13,001 - backend.database.mongo - INFO - closing MongoDB connection
2026-05-20 17:30:13,010 - backend.routes.shipment_routes - INFO - shipment list requested
2026-05-20 17:30:13,012 - scmxpertlite.request - INFO - request completed
2026-05-20 17:30:13,013 - httpx - INFO - HTTP Request: GET http://testserver/api/shipments "HTTP/1.1 200 OK"
2026-05-20 17:30:13,014 - backend.database.mongo - INFO - closing MongoDB connection
2026-05-20 17:30:13,023 - backend.routes.shipment_routes - INFO - shipment lookup requested
2026-05-20 17:30:13,024 - scmxpertlite.request - INFO - request completed
2026-05-20 17:30:13,025 - httpx - INFO - HTTP Request: GET http://testserver/api/shipments/SCM-OWN1 "HTTP/1.1 200 OK"
2026-05-20 17:30:13,026 - backend.database.mongo - INFO - closing MongoDB connection
2026-05-20 17:30:13,036 - backend.routes.shipment_routes - INFO - shipment update requested
2026-05-20 17:30:13,037 - scmxpertlite.request - INFO - request completed
2026-05-20 17:30:13,037 - httpx - INFO - HTTP Request: PATCH http://testserver/api/shipments/SCM-OWN1 "HTTP/1.1 200 OK"
2026-05-20 17:30:13,039 - backend.database.mongo - INFO - closing MongoDB connection
2026-05-20 17:30:13,048 - backend.routes.shipment_routes - INFO - shipment deletion requested
2026-05-20 17:30:13,048 - scmxpertlite.request - INFO - request completed
2026-05-20 17:30:13,048 - httpx - INFO - HTTP Request: DELETE http://testserver/api/shipments/SCM-OWN1 "HTTP/1.1 200 OK"
2026-05-20 17:30:13,050 - backend.database.mongo - INFO - closing MongoDB connection
2026-05-20 17:30:13,065 - backend.routes.auth.user_auth_routes - INFO - signup requested
2026-05-20 17:30:13,065 - backend.routes.auth.user_auth_routes - INFO - signup completed
2026-05-20 17:30:13,066 - scmxpertlite.request - INFO - request completed
2026-05-20 17:30:13,067 - httpx - INFO - HTTP Request: POST http://testserver/api/auth/signup "HTTP/1.1 201 Created"
2026-05-20 17:30:13,067 - backend.database.mongo - INFO - closing MongoDB connection
2026-05-20 17:30:13,078 - backend.routes.auth.user_auth_routes - INFO - signup requested
2026-05-20 17:30:13,078 - backend.routes.auth.user_auth_routes - WARNING - signup rejected by validation or business rule
2026-05-20 17:30:13,079 - scmxpertlite.request - INFO - request completed
2026-05-20 17:30:13,079 - httpx - INFO - HTTP Request: POST http://testserver/api/auth/signup "HTTP/1.1 409 Conflict"
2026-05-20 17:30:13,079 - backend.database.mongo - INFO - closing MongoDB connection
2026-05-20 17:30:13,090 - scmxpertlite.request - INFO - request completed
2026-05-20 17:30:13,091 - httpx - INFO - HTTP Request: POST http://testserver/api/auth/signup "HTTP/1.1 422 Unprocessable Entity"
2026-05-20 17:30:13,092 - backend.database.mongo - INFO - closing MongoDB connection
2026-05-20 17:30:13,097 - backend.database.mongo - INFO - preparing database indexes
2026-05-20 17:30:13,097 - backend.database.mongo - INFO - database indexes prepared successfully
2026-05-20 17:30:29,160 - backend.database.mongo - INFO - preparing database indexes
2026-05-20 17:30:29,836 - backend.database.mongo - INFO - database connection check succeeded
2026-05-20 17:30:30,297 - scmxpertlite.request - INFO - request completed
2026-05-20 17:30:30,348 - backend.database.mongo - INFO - database indexes prepared successfully
2026-05-20 17:30:30,387 - backend.database.mongo - INFO - default admin seed skipped because admin already exists
2026-05-20 17:30:30,416 - backend.database.mongo - INFO - closing MongoDB connection
2026-05-20 17:30:36,550 - scmxpertlite.request - INFO - request completed
2026-05-20 17:30:36,763 - scmxpertlite.request - INFO - request completed
2026-05-20 17:32:34,655 - backend.routes.auth.user_auth_routes - INFO - login requested
2026-05-20 17:32:34,656 - backend.services.auth_service - INFO - authenticating user
2026-05-20 17:32:34,699 - backend.services.auth_service - WARNING - authentication failed
2026-05-20 17:32:34,699 - backend.routes.auth.user_auth_routes - WARNING - login rejected
2026-05-20 17:32:34,700 - scmxpertlite.request - INFO - request completed
2026-05-20 17:33:01,677 - backend.routes.auth.user_auth_routes - INFO - login requested
2026-05-20 17:33:01,677 - backend.services.auth_service - INFO - authenticating user
2026-05-20 17:33:02,004 - backend.services.auth_service - INFO - authentication succeeded
2026-05-20 17:33:02,006 - backend.routes.auth.user_auth_routes - INFO - login completed
2026-05-20 17:33:02,041 - scmxpertlite.request - INFO - request completed
2026-05-20 17:34:45,633 - backend.routes.shipment_routes - INFO - shipment creation requested
2026-05-20 17:34:45,688 - backend.routes.shipment_routes - INFO - shipment created successfully
2026-05-20 17:34:45,690 - scmxpertlite.request - INFO - request completed
2026-05-20 17:37:35,291 - backend.database.mongo - INFO - closing MongoDB connection
2026-05-20 17:37:35,305 - backend.database.mongo - INFO - closing MongoDB connection
2026-05-20 17:37:39,009 - backend.database.mongo - INFO - preparing database indexes
2026-05-20 17:37:39,107 - backend.database.mongo - INFO - preparing database indexes
2026-05-20 17:37:39,980 - backend.database.mongo - INFO - database connection check succeeded
2026-05-20 17:37:40,022 - backend.database.mongo - INFO - database connection check succeeded
2026-05-20 17:37:40,425 - backend.database.mongo - INFO - database indexes prepared successfully
2026-05-20 17:37:40,461 - backend.database.mongo - INFO - default admin seed skipped because admin already exists
2026-05-20 17:37:40,463 - backend.database.mongo - INFO - database indexes prepared successfully
2026-05-20 17:37:40,506 - backend.database.mongo - INFO - default admin seed skipped because admin already exists
2026-05-20 17:37:40,513 - backend.database.mongo - INFO - closing MongoDB connection
2026-05-20 17:37:40,669 - backend.database.mongo - INFO - closing MongoDB connection
2026-05-20 17:37:43,443 - backend.database.mongo - INFO - preparing database indexes
2026-05-20 17:37:43,455 - backend.database.mongo - INFO - preparing database indexes
2026-05-20 17:37:44,239 - backend.database.mongo - INFO - database connection check succeeded
2026-05-20 17:37:44,249 - backend.database.mongo - INFO - database connection check succeeded
2026-05-20 17:37:44,676 - backend.database.mongo - INFO - database indexes prepared successfully
2026-05-20 17:37:44,721 - backend.database.mongo - INFO - default admin seed skipped because admin already exists
2026-05-20 17:37:44,738 - backend.database.mongo - INFO - database indexes prepared successfully
2026-05-20 17:37:44,777 - backend.database.mongo - INFO - default admin seed skipped because admin already exists
2026-05-20 17:37:48,117 - backend.database.mongo - INFO - closing MongoDB connection
2026-05-20 17:37:48,178 - backend.database.mongo - INFO - closing MongoDB connection
2026-05-20 17:37:51,104 - backend.database.mongo - INFO - preparing database indexes
2026-05-20 17:37:51,141 - backend.database.mongo - INFO - preparing database indexes
2026-05-20 17:37:51,808 - backend.database.mongo - INFO - database connection check succeeded
2026-05-20 17:37:51,855 - backend.database.mongo - INFO - database connection check succeeded
2026-05-20 17:37:52,244 - backend.database.mongo - INFO - database indexes prepared successfully
2026-05-20 17:37:52,283 - backend.database.mongo - INFO - default admin seed skipped because admin already exists
2026-05-20 17:37:52,295 - backend.database.mongo - INFO - database indexes prepared successfully
2026-05-20 17:37:52,334 - backend.database.mongo - INFO - default admin seed skipped because admin already exists
2026-05-20 17:37:57,749 - backend.routes.device_routes - INFO - device creation requested
2026-05-20 17:37:57,750 - backend.routes.device_routes - INFO - device created successfully
2026-05-20 17:37:57,753 - scmxpertlite.request - INFO - request completed
2026-05-20 17:37:57,754 - httpx - INFO - HTTP Request: POST http://testserver/api/devices "HTTP/1.1 201 Created"
2026-05-20 17:37:57,755 - backend.database.mongo - INFO - closing MongoDB connection
2026-05-20 17:37:57,771 - backend.routes.device_routes - INFO - device creation requested
2026-05-20 17:37:57,771 - backend.routes.device_routes - WARNING - device creation rejected due to duplicate device id
2026-05-20 17:37:57,772 - scmxpertlite.request - INFO - request completed
2026-05-20 17:37:57,773 - httpx - INFO - HTTP Request: POST http://testserver/api/devices "HTTP/1.1 409 Conflict"
2026-05-20 17:37:57,773 - backend.database.mongo - INFO - closing MongoDB connection
2026-05-20 17:37:57,787 - backend.routes.device_routes - INFO - device list requested
2026-05-20 17:37:57,790 - scmxpertlite.request - INFO - request completed
2026-05-20 17:37:57,791 - httpx - INFO - HTTP Request: GET http://testserver/api/devices "HTTP/1.1 200 OK"
2026-05-20 17:37:57,792 - backend.database.mongo - INFO - closing MongoDB connection
2026-05-20 17:37:57,804 - backend.routes.device_routes - INFO - device lookup requested
2026-05-20 17:37:57,805 - scmxpertlite.request - INFO - request completed
2026-05-20 17:37:57,806 - httpx - INFO - HTTP Request: GET http://testserver/api/devices/DEV-001 "HTTP/1.1 200 OK"
2026-05-20 17:37:57,807 - backend.database.mongo - INFO - closing MongoDB connection
2026-05-20 17:37:57,818 - backend.routes.device_routes - INFO - device update requested
2026-05-20 17:37:57,819 - scmxpertlite.request - INFO - request completed
2026-05-20 17:37:57,819 - httpx - INFO - HTTP Request: PATCH http://testserver/api/devices/DEV-001 "HTTP/1.1 200 OK"
2026-05-20 17:37:57,821 - backend.database.mongo - INFO - closing MongoDB connection
2026-05-20 17:37:57,832 - backend.routes.device_routes - INFO - device deletion requested
2026-05-20 17:37:57,833 - scmxpertlite.request - INFO - request completed
2026-05-20 17:37:57,833 - httpx - INFO - HTTP Request: DELETE http://testserver/api/devices/DEV-001 "HTTP/1.1 200 OK"
2026-05-20 17:37:57,834 - backend.database.mongo - INFO - closing MongoDB connection
2026-05-20 17:37:57,840 - scmxpertlite.request - INFO - request completed
2026-05-20 17:37:57,841 - httpx - INFO - HTTP Request: GET http://testserver/api/admin/users "HTTP/1.1 403 Forbidden"
2026-05-20 17:37:57,843 - backend.database.mongo - INFO - closing MongoDB connection
2026-05-20 17:37:57,856 - backend.routes.auth.admin_auth_routes - INFO - admin user list requested
2026-05-20 17:37:57,868 - scmxpertlite.request - INFO - request completed
2026-05-20 17:37:57,869 - httpx - INFO - HTTP Request: GET http://testserver/api/admin/users "HTTP/1.1 200 OK"
2026-05-20 17:37:57,871 - backend.database.mongo - INFO - closing MongoDB connection
2026-05-20 17:37:59,493 - backend.routes.device_routes - INFO - device creation requested
2026-05-20 17:37:59,493 - backend.routes.device_routes - INFO - device created successfully
2026-05-20 17:37:59,494 - scmxpertlite.request - INFO - request completed
2026-05-20 17:37:59,494 - httpx - INFO - HTTP Request: POST http://testserver/api/devices "HTTP/1.1 201 Created"
2026-05-20 17:37:59,495 - backend.database.mongo - INFO - closing MongoDB connection
2026-05-20 17:37:59,509 - backend.routes.device_routes - INFO - device creation requested
2026-05-20 17:37:59,509 - backend.routes.device_routes - WARNING - device creation rejected due to duplicate device id
2026-05-20 17:37:59,509 - scmxpertlite.request - INFO - request completed
2026-05-20 17:37:59,510 - httpx - INFO - HTTP Request: POST http://testserver/api/devices "HTTP/1.1 409 Conflict"
2026-05-20 17:37:59,511 - backend.database.mongo - INFO - closing MongoDB connection
2026-05-20 17:37:59,525 - backend.routes.device_routes - INFO - device list requested
2026-05-20 17:37:59,526 - scmxpertlite.request - INFO - request completed
2026-05-20 17:37:59,526 - httpx - INFO - HTTP Request: GET http://testserver/api/devices "HTTP/1.1 200 OK"
2026-05-20 17:37:59,527 - backend.database.mongo - INFO - closing MongoDB connection
2026-05-20 17:37:59,541 - backend.routes.device_routes - INFO - device lookup requested
2026-05-20 17:37:59,541 - scmxpertlite.request - INFO - request completed
2026-05-20 17:37:59,542 - httpx - INFO - HTTP Request: GET http://testserver/api/devices/DEV-001 "HTTP/1.1 200 OK"
2026-05-20 17:37:59,544 - backend.database.mongo - INFO - closing MongoDB connection
2026-05-20 17:37:59,560 - backend.routes.device_routes - INFO - device update requested
2026-05-20 17:37:59,561 - scmxpertlite.request - INFO - request completed
2026-05-20 17:37:59,561 - httpx - INFO - HTTP Request: PATCH http://testserver/api/devices/DEV-001 "HTTP/1.1 200 OK"
2026-05-20 17:37:59,563 - backend.database.mongo - INFO - closing MongoDB connection
2026-05-20 17:37:59,574 - backend.routes.device_routes - INFO - device deletion requested
2026-05-20 17:37:59,575 - scmxpertlite.request - INFO - request completed
2026-05-20 17:37:59,575 - httpx - INFO - HTTP Request: DELETE http://testserver/api/devices/DEV-001 "HTTP/1.1 200 OK"
2026-05-20 17:37:59,576 - backend.database.mongo - INFO - closing MongoDB connection
2026-05-20 17:37:59,591 - backend.routes.shipment_routes - INFO - shipment creation requested
2026-05-20 17:37:59,591 - backend.routes.shipment_routes - INFO - shipment created successfully
2026-05-20 17:37:59,593 - scmxpertlite.request - INFO - request completed
2026-05-20 17:37:59,593 - httpx - INFO - HTTP Request: POST http://testserver/api/shipments "HTTP/1.1 201 Created"
2026-05-20 17:37:59,595 - backend.database.mongo - INFO - closing MongoDB connection
2026-05-20 17:37:59,608 - scmxpertlite.request - INFO - request completed
2026-05-20 17:37:59,609 - httpx - INFO - HTTP Request: POST http://testserver/api/shipments "HTTP/1.1 422 Unprocessable Entity"
2026-05-20 17:37:59,609 - backend.database.mongo - INFO - closing MongoDB connection
2026-05-20 17:37:59,624 - backend.routes.shipment_routes - INFO - shipment list requested
2026-05-20 17:37:59,625 - scmxpertlite.request - INFO - request completed
2026-05-20 17:37:59,626 - httpx - INFO - HTTP Request: GET http://testserver/api/shipments "HTTP/1.1 200 OK"
2026-05-20 17:37:59,627 - backend.database.mongo - INFO - closing MongoDB connection
2026-05-20 17:37:59,640 - backend.routes.shipment_routes - INFO - shipment lookup requested
2026-05-20 17:37:59,640 - scmxpertlite.request - INFO - request completed
2026-05-20 17:37:59,641 - httpx - INFO - HTTP Request: GET http://testserver/api/shipments/SCM-OWN1 "HTTP/1.1 200 OK"
2026-05-20 17:37:59,642 - backend.database.mongo - INFO - closing MongoDB connection
2026-05-20 17:37:59,656 - backend.routes.shipment_routes - INFO - shipment update requested
2026-05-20 17:37:59,657 - scmxpertlite.request - INFO - request completed
2026-05-20 17:37:59,658 - httpx - INFO - HTTP Request: PATCH http://testserver/api/shipments/SCM-OWN1 "HTTP/1.1 200 OK"
2026-05-20 17:37:59,659 - backend.database.mongo - INFO - closing MongoDB connection
2026-05-20 17:37:59,672 - backend.routes.shipment_routes - INFO - shipment deletion requested
2026-05-20 17:37:59,673 - scmxpertlite.request - INFO - request completed
2026-05-20 17:37:59,673 - httpx - INFO - HTTP Request: DELETE http://testserver/api/shipments/SCM-OWN1 "HTTP/1.1 200 OK"
2026-05-20 17:37:59,674 - backend.database.mongo - INFO - closing MongoDB connection
2026-05-20 17:37:59,689 - backend.routes.auth.user_auth_routes - INFO - signup requested
2026-05-20 17:37:59,691 - backend.routes.auth.user_auth_routes - INFO - signup completed
2026-05-20 17:37:59,691 - scmxpertlite.request - INFO - request completed
2026-05-20 17:37:59,692 - httpx - INFO - HTTP Request: POST http://testserver/api/auth/signup "HTTP/1.1 201 Created"
2026-05-20 17:37:59,693 - backend.database.mongo - INFO - closing MongoDB connection
2026-05-20 17:37:59,706 - backend.routes.auth.user_auth_routes - INFO - signup requested
2026-05-20 17:37:59,706 - backend.routes.auth.user_auth_routes - WARNING - signup rejected by validation or business rule
2026-05-20 17:37:59,707 - scmxpertlite.request - INFO - request completed
2026-05-20 17:37:59,708 - httpx - INFO - HTTP Request: POST http://testserver/api/auth/signup "HTTP/1.1 409 Conflict"
2026-05-20 17:37:59,709 - backend.database.mongo - INFO - closing MongoDB connection
2026-05-20 17:37:59,722 - scmxpertlite.request - INFO - request completed
2026-05-20 17:37:59,723 - httpx - INFO - HTTP Request: POST http://testserver/api/auth/signup "HTTP/1.1 422 Unprocessable Entity"
2026-05-20 17:37:59,724 - backend.database.mongo - INFO - closing MongoDB connection
2026-05-20 17:37:59,729 - backend.database.mongo - INFO - preparing database indexes
2026-05-20 17:37:59,729 - backend.database.mongo - INFO - database indexes prepared successfully
2026-05-20 17:38:16,093 - backend.database.mongo - INFO - preparing database indexes
2026-05-20 17:38:16,734 - backend.database.mongo - INFO - database connection check succeeded
2026-05-20 17:38:17,155 - backend.database.mongo - INFO - database indexes prepared successfully
2026-05-20 17:38:17,189 - backend.database.mongo - INFO - default admin seed skipped because admin already exists
2026-05-20 17:38:17,228 - backend.database.mongo - INFO - closing MongoDB connection
2026-05-20 17:38:17,265 - scmxpertlite.request - INFO - request completed
2026-05-20 17:38:23,543 - scmxpertlite.request - INFO - request completed
2026-05-20 17:38:23,840 - scmxpertlite.request - INFO - request completed
2026-05-20 17:39:14,849 - backend.routes.auth.user_auth_routes - INFO - login requested
2026-05-20 17:39:14,849 - backend.services.auth_service - INFO - authenticating user
2026-05-20 17:39:15,204 - backend.services.auth_service - INFO - authentication succeeded
2026-05-20 17:39:15,204 - backend.routes.auth.user_auth_routes - INFO - login completed
2026-05-20 17:39:15,217 - scmxpertlite.request - INFO - request completed
2026-05-20 17:40:42,966 - backend.routes.shipment_routes - INFO - shipment creation requested
2026-05-20 17:40:43,013 - backend.routes.shipment_routes - INFO - shipment created successfully
2026-05-20 17:40:43,014 - scmxpertlite.request - INFO - request completed
2026-05-20 17:41:18,100 - backend.routes.device_routes - INFO - device creation requested
2026-05-20 17:41:18,147 - backend.routes.device_routes - INFO - device created successfully
2026-05-20 17:41:18,148 - scmxpertlite.request - INFO - request completed
2026-05-20 17:41:56,410 - scmxpertlite.request - INFO - request completed
2026-05-20 17:42:02,417 - scmxpertlite.request - INFO - request completed
2026-05-20 17:42:03,119 - scmxpertlite.request - INFO - request completed
2026-05-20 18:07:09,017 - backend.database.mongo - INFO - closing MongoDB connection
2026-05-20 18:07:09,111 - backend.database.mongo - INFO - closing MongoDB connection
2026-05-20 18:07:13,257 - backend.database.mongo - INFO - preparing database indexes
2026-05-20 18:07:13,445 - backend.database.mongo - INFO - preparing database indexes
2026-05-20 18:07:14,095 - backend.database.mongo - INFO - database connection check succeeded
2026-05-20 18:07:14,169 - backend.database.mongo - INFO - database connection check succeeded
2026-05-20 18:07:14,513 - backend.database.mongo - INFO - database indexes prepared successfully
2026-05-20 18:07:14,551 - backend.database.mongo - INFO - default admin seed skipped because admin already exists
2026-05-20 18:07:14,575 - backend.database.mongo - INFO - database indexes prepared successfully
2026-05-20 18:07:14,615 - backend.database.mongo - INFO - default admin seed skipped because admin already exists
2026-05-20 18:07:21,742 - backend.database.mongo - INFO - closing MongoDB connection
2026-05-20 18:07:21,743 - backend.database.mongo - INFO - closing MongoDB connection
2026-05-20 18:07:24,364 - backend.database.mongo - INFO - preparing database indexes
2026-05-20 18:07:25,043 - backend.database.mongo - INFO - database connection check succeeded
2026-05-20 18:07:25,481 - backend.database.mongo - INFO - database indexes prepared successfully
2026-05-20 18:07:25,534 - backend.database.mongo - INFO - default admin seed skipped because admin already exists
2026-05-20 18:07:38,425 - backend.database.mongo - INFO - closing MongoDB connection
2026-05-20 18:07:41,186 - backend.database.mongo - INFO - preparing database indexes
2026-05-20 18:07:42,100 - backend.database.mongo - INFO - database connection check succeeded
2026-05-20 18:07:42,832 - backend.database.mongo - INFO - database indexes prepared successfully
2026-05-20 18:07:42,926 - backend.database.mongo - INFO - default admin seed skipped because admin already exists
2026-05-20 18:07:46,747 - scmxpertlite.request - INFO - request completed
2026-05-20 18:07:46,747 - httpx - INFO - HTTP Request: GET http://testserver/api/admin/users "HTTP/1.1 403 Forbidden"
2026-05-20 18:07:46,749 - backend.database.mongo - INFO - closing MongoDB connection
2026-05-20 18:07:46,759 - backend.routes.auth.admin_auth_routes - INFO - admin user list requested
2026-05-20 18:07:46,770 - scmxpertlite.request - INFO - request completed
2026-05-20 18:07:46,771 - httpx - INFO - HTTP Request: GET http://testserver/api/admin/users "HTTP/1.1 200 OK"
2026-05-20 18:07:46,772 - backend.database.mongo - INFO - closing MongoDB connection
2026-05-20 18:07:48,338 - backend.routes.device_routes - INFO - device creation requested
2026-05-20 18:07:48,338 - backend.routes.device_routes - INFO - device created successfully
2026-05-20 18:07:48,338 - scmxpertlite.request - INFO - request completed
2026-05-20 18:07:48,338 - httpx - INFO - HTTP Request: POST http://testserver/api/devices "HTTP/1.1 201 Created"
2026-05-20 18:07:48,338 - backend.database.mongo - INFO - closing MongoDB connection
2026-05-20 18:07:48,356 - backend.routes.device_routes - INFO - device creation requested
2026-05-20 18:07:48,356 - backend.routes.device_routes - WARNING - device creation rejected due to duplicate device id
2026-05-20 18:07:48,356 - scmxpertlite.request - INFO - request completed
2026-05-20 18:07:48,356 - httpx - INFO - HTTP Request: POST http://testserver/api/devices "HTTP/1.1 409 Conflict"
2026-05-20 18:07:48,356 - backend.database.mongo - INFO - closing MongoDB connection
2026-05-20 18:07:48,367 - backend.routes.device_routes - INFO - device list requested
2026-05-20 18:07:48,367 - scmxpertlite.request - INFO - request completed
2026-05-20 18:07:48,368 - httpx - INFO - HTTP Request: GET http://testserver/api/devices "HTTP/1.1 200 OK"
2026-05-20 18:07:48,368 - backend.database.mongo - INFO - closing MongoDB connection
2026-05-20 18:07:48,379 - backend.routes.device_routes - INFO - device lookup requested
2026-05-20 18:07:48,379 - scmxpertlite.request - INFO - request completed
2026-05-20 18:07:48,379 - httpx - INFO - HTTP Request: GET http://testserver/api/devices/DEV-001 "HTTP/1.1 200 OK"
2026-05-20 18:07:48,380 - backend.database.mongo - INFO - closing MongoDB connection
2026-05-20 18:07:48,391 - backend.routes.device_routes - INFO - device update requested
2026-05-20 18:07:48,392 - scmxpertlite.request - INFO - request completed
2026-05-20 18:07:48,393 - httpx - INFO - HTTP Request: PATCH http://testserver/api/devices/DEV-001 "HTTP/1.1 200 OK"
2026-05-20 18:07:48,393 - backend.database.mongo - INFO - closing MongoDB connection
2026-05-20 18:07:48,401 - backend.routes.device_routes - INFO - device deletion requested
2026-05-20 18:07:48,402 - scmxpertlite.request - INFO - request completed
2026-05-20 18:07:48,402 - httpx - INFO - HTTP Request: DELETE http://testserver/api/devices/DEV-001 "HTTP/1.1 200 OK"
2026-05-20 18:07:48,403 - backend.database.mongo - INFO - closing MongoDB connection
2026-05-20 18:07:48,410 - backend.routes.shipment_routes - INFO - shipment creation requested
2026-05-20 18:07:48,410 - backend.routes.shipment_routes - INFO - shipment created successfully
2026-05-20 18:07:48,410 - scmxpertlite.request - INFO - request completed
2026-05-20 18:07:48,410 - httpx - INFO - HTTP Request: POST http://testserver/api/shipments "HTTP/1.1 201 Created"
2026-05-20 18:07:48,410 - backend.database.mongo - INFO - closing MongoDB connection
2026-05-20 18:07:48,416 - scmxpertlite.request - INFO - request completed
2026-05-20 18:07:48,416 - httpx - INFO - HTTP Request: POST http://testserver/api/shipments "HTTP/1.1 422 Unprocessable Entity"
2026-05-20 18:07:48,416 - backend.database.mongo - INFO - closing MongoDB connection
2026-05-20 18:07:48,432 - backend.routes.shipment_routes - INFO - shipment list requested
2026-05-20 18:07:48,432 - scmxpertlite.request - INFO - request completed
2026-05-20 18:07:48,432 - httpx - INFO - HTTP Request: GET http://testserver/api/shipments "HTTP/1.1 200 OK"
2026-05-20 18:07:48,434 - backend.database.mongo - INFO - closing MongoDB connection
2026-05-20 18:07:48,441 - backend.routes.shipment_routes - INFO - shipment lookup requested
2026-05-20 18:07:48,441 - scmxpertlite.request - INFO - request completed
2026-05-20 18:07:48,443 - httpx - INFO - HTTP Request: GET http://testserver/api/shipments/SCM-OWN1 "HTTP/1.1 200 OK"
2026-05-20 18:07:48,443 - backend.database.mongo - INFO - closing MongoDB connection
2026-05-20 18:07:48,452 - backend.routes.shipment_routes - INFO - shipment update requested
2026-05-20 18:07:48,452 - scmxpertlite.request - INFO - request completed
2026-05-20 18:07:48,452 - httpx - INFO - HTTP Request: PATCH http://testserver/api/shipments/SCM-OWN1 "HTTP/1.1 200 OK"
2026-05-20 18:07:48,455 - backend.database.mongo - INFO - closing MongoDB connection
2026-05-20 18:07:48,457 - backend.routes.shipment_routes - INFO - shipment deletion requested
2026-05-20 18:07:48,457 - scmxpertlite.request - INFO - request completed
2026-05-20 18:07:48,457 - httpx - INFO - HTTP Request: DELETE http://testserver/api/shipments/SCM-OWN1 "HTTP/1.1 200 OK"
2026-05-20 18:07:48,457 - backend.database.mongo - INFO - closing MongoDB connection
2026-05-20 18:07:48,472 - backend.routes.auth.user_auth_routes - INFO - signup requested
2026-05-20 18:07:48,472 - backend.routes.auth.user_auth_routes - INFO - signup completed
2026-05-20 18:07:48,472 - scmxpertlite.request - INFO - request completed
2026-05-20 18:07:48,472 - httpx - INFO - HTTP Request: POST http://testserver/api/auth/signup "HTTP/1.1 201 Created"
2026-05-20 18:07:48,472 - backend.database.mongo - INFO - closing MongoDB connection
2026-05-20 18:07:48,480 - backend.routes.auth.user_auth_routes - INFO - signup requested
2026-05-20 18:07:48,480 - backend.routes.auth.user_auth_routes - WARNING - signup rejected by validation or business rule
2026-05-20 18:07:48,480 - scmxpertlite.request - INFO - request completed
2026-05-20 18:07:48,480 - httpx - INFO - HTTP Request: POST http://testserver/api/auth/signup "HTTP/1.1 409 Conflict"
2026-05-20 18:07:48,480 - backend.database.mongo - INFO - closing MongoDB connection
2026-05-20 18:07:48,488 - scmxpertlite.request - INFO - request completed
2026-05-20 18:07:48,488 - httpx - INFO - HTTP Request: POST http://testserver/api/auth/signup "HTTP/1.1 422 Unprocessable Entity"
2026-05-20 18:07:48,488 - backend.database.mongo - INFO - closing MongoDB connection
2026-05-20 18:07:48,505 - backend.routes.auth.user_auth_routes - INFO - oauth token requested
2026-05-20 18:07:48,505 - backend.routes.auth.user_auth_routes - INFO - oauth token issued
2026-05-20 18:07:48,505 - scmxpertlite.request - INFO - request completed
2026-05-20 18:07:48,505 - httpx - INFO - HTTP Request: POST http://testserver/api/auth/token "HTTP/1.1 200 OK"
2026-05-20 18:07:48,505 - backend.database.mongo - INFO - closing MongoDB connection
2026-05-20 18:07:48,505 - backend.database.mongo - INFO - preparing database indexes
2026-05-20 18:07:48,505 - backend.database.mongo - INFO - database indexes prepared successfully
2026-05-20 18:09:17,677 - backend.database.mongo - INFO - preparing database indexes
2026-05-20 18:09:23,114 - backend.database.mongo - INFO - database connection check succeeded
2026-05-20 18:09:23,562 - backend.database.mongo - INFO - database indexes prepared successfully
2026-05-20 18:09:23,621 - backend.database.mongo - INFO - default admin seed skipped because admin already exists
2026-05-20 18:09:23,661 - backend.database.mongo - INFO - closing MongoDB connection
2026-05-20 18:10:29,586 - scmxpertlite.request - INFO - request completed
2026-05-20 18:10:29,586 - httpx - INFO - HTTP Request: GET http://testserver/api/admin/users "HTTP/1.1 403 Forbidden"
2026-05-20 18:10:29,586 - backend.database.mongo - INFO - closing MongoDB connection
2026-05-20 18:10:29,603 - backend.routes.auth.admin_auth_routes - INFO - admin user list requested
2026-05-20 18:10:29,615 - scmxpertlite.request - INFO - request completed
2026-05-20 18:10:29,616 - httpx - INFO - HTTP Request: GET http://testserver/api/admin/users "HTTP/1.1 200 OK"
2026-05-20 18:10:29,617 - backend.database.mongo - INFO - closing MongoDB connection
2026-05-20 18:10:31,168 - backend.routes.device_routes - INFO - device creation requested
2026-05-20 18:10:31,168 - backend.routes.device_routes - INFO - device created successfully
2026-05-20 18:10:31,170 - scmxpertlite.request - INFO - request completed
2026-05-20 18:10:31,170 - httpx - INFO - HTTP Request: POST http://testserver/api/devices "HTTP/1.1 201 Created"
2026-05-20 18:10:31,172 - backend.database.mongo - INFO - closing MongoDB connection
2026-05-20 18:10:31,178 - backend.routes.device_routes - INFO - device creation requested
2026-05-20 18:10:31,180 - backend.routes.device_routes - WARNING - device creation rejected due to duplicate device id
2026-05-20 18:10:31,180 - scmxpertlite.request - INFO - request completed
2026-05-20 18:10:31,180 - httpx - INFO - HTTP Request: POST http://testserver/api/devices "HTTP/1.1 409 Conflict"
2026-05-20 18:10:31,180 - backend.database.mongo - INFO - closing MongoDB connection
2026-05-20 18:10:31,187 - backend.routes.device_routes - INFO - device list requested
2026-05-20 18:10:31,187 - scmxpertlite.request - INFO - request completed
2026-05-20 18:10:31,187 - httpx - INFO - HTTP Request: GET http://testserver/api/devices "HTTP/1.1 200 OK"
2026-05-20 18:10:31,187 - backend.database.mongo - INFO - closing MongoDB connection
2026-05-20 18:10:31,197 - backend.routes.device_routes - INFO - device lookup requested
2026-05-20 18:10:31,197 - scmxpertlite.request - INFO - request completed
2026-05-20 18:10:31,197 - httpx - INFO - HTTP Request: GET http://testserver/api/devices/DEV-001 "HTTP/1.1 200 OK"
2026-05-20 18:10:31,197 - backend.database.mongo - INFO - closing MongoDB connection
2026-05-20 18:10:31,212 - backend.routes.device_routes - INFO - device update requested
2026-05-20 18:10:31,212 - scmxpertlite.request - INFO - request completed
2026-05-20 18:10:31,212 - httpx - INFO - HTTP Request: PATCH http://testserver/api/devices/DEV-001 "HTTP/1.1 200 OK"
2026-05-20 18:10:31,212 - backend.database.mongo - INFO - closing MongoDB connection
2026-05-20 18:10:31,219 - backend.routes.device_routes - INFO - device deletion requested
2026-05-20 18:10:31,219 - scmxpertlite.request - INFO - request completed
2026-05-20 18:10:31,219 - httpx - INFO - HTTP Request: DELETE http://testserver/api/devices/DEV-001 "HTTP/1.1 200 OK"
2026-05-20 18:10:31,226 - backend.database.mongo - INFO - closing MongoDB connection
2026-05-20 18:10:31,237 - backend.routes.shipment_routes - INFO - shipment creation requested
2026-05-20 18:10:31,237 - backend.routes.shipment_routes - INFO - shipment created successfully
2026-05-20 18:10:31,237 - scmxpertlite.request - INFO - request completed
2026-05-20 18:10:31,237 - httpx - INFO - HTTP Request: POST http://testserver/api/shipments "HTTP/1.1 201 Created"
2026-05-20 18:10:31,237 - backend.database.mongo - INFO - closing MongoDB connection
2026-05-20 18:10:31,243 - scmxpertlite.request - INFO - request completed
2026-05-20 18:10:31,243 - httpx - INFO - HTTP Request: POST http://testserver/api/shipments "HTTP/1.1 422 Unprocessable Entity"
2026-05-20 18:10:31,243 - backend.database.mongo - INFO - closing MongoDB connection
2026-05-20 18:10:31,258 - backend.routes.shipment_routes - INFO - shipment list requested
2026-05-20 18:10:31,258 - scmxpertlite.request - INFO - request completed
2026-05-20 18:10:31,258 - httpx - INFO - HTTP Request: GET http://testserver/api/shipments "HTTP/1.1 200 OK"
2026-05-20 18:10:31,259 - backend.database.mongo - INFO - closing MongoDB connection
2026-05-20 18:10:31,266 - backend.routes.shipment_routes - INFO - shipment lookup requested
2026-05-20 18:10:31,266 - scmxpertlite.request - INFO - request completed
2026-05-20 18:10:31,266 - httpx - INFO - HTTP Request: GET http://testserver/api/shipments/SCM-OWN1 "HTTP/1.1 200 OK"
2026-05-20 18:10:31,266 - backend.database.mongo - INFO - closing MongoDB connection
2026-05-20 18:10:31,278 - backend.routes.shipment_routes - INFO - shipment update requested
2026-05-20 18:10:31,279 - scmxpertlite.request - INFO - request completed
2026-05-20 18:10:31,279 - httpx - INFO - HTTP Request: PATCH http://testserver/api/shipments/SCM-OWN1 "HTTP/1.1 200 OK"
2026-05-20 18:10:31,280 - backend.database.mongo - INFO - closing MongoDB connection
2026-05-20 18:10:31,289 - backend.routes.shipment_routes - INFO - shipment deletion requested
2026-05-20 18:10:31,289 - scmxpertlite.request - INFO - request completed
2026-05-20 18:10:31,289 - httpx - INFO - HTTP Request: DELETE http://testserver/api/shipments/SCM-OWN1 "HTTP/1.1 200 OK"
2026-05-20 18:10:31,289 - backend.database.mongo - INFO - closing MongoDB connection
2026-05-20 18:10:31,297 - backend.routes.auth.user_auth_routes - INFO - signup requested
2026-05-20 18:10:31,297 - backend.routes.auth.user_auth_routes - INFO - signup completed
2026-05-20 18:10:31,297 - scmxpertlite.request - INFO - request completed
2026-05-20 18:10:31,297 - httpx - INFO - HTTP Request: POST http://testserver/api/auth/signup "HTTP/1.1 201 Created"
2026-05-20 18:10:31,297 - backend.database.mongo - INFO - closing MongoDB connection
2026-05-20 18:10:31,307 - backend.routes.auth.user_auth_routes - INFO - signup requested
2026-05-20 18:10:31,307 - backend.routes.auth.user_auth_routes - WARNING - signup rejected by validation or business rule
2026-05-20 18:10:31,307 - scmxpertlite.request - INFO - request completed
2026-05-20 18:10:31,307 - httpx - INFO - HTTP Request: POST http://testserver/api/auth/signup "HTTP/1.1 409 Conflict"
2026-05-20 18:10:31,307 - backend.database.mongo - INFO - closing MongoDB connection
2026-05-20 18:10:31,320 - scmxpertlite.request - INFO - request completed
2026-05-20 18:10:31,320 - httpx - INFO - HTTP Request: POST http://testserver/api/auth/signup "HTTP/1.1 422 Unprocessable Entity"
2026-05-20 18:10:31,320 - backend.database.mongo - INFO - closing MongoDB connection
2026-05-20 18:10:31,334 - backend.routes.auth.user_auth_routes - INFO - oauth token requested
2026-05-20 18:10:31,334 - backend.routes.auth.user_auth_routes - INFO - oauth token issued
2026-05-20 18:10:31,334 - scmxpertlite.request - INFO - request completed
2026-05-20 18:10:31,334 - httpx - INFO - HTTP Request: POST http://testserver/api/auth/token "HTTP/1.1 200 OK"
2026-05-20 18:10:31,334 - backend.database.mongo - INFO - closing MongoDB connection
2026-05-20 18:10:31,334 - backend.database.mongo - INFO - preparing database indexes
2026-05-20 18:10:31,334 - backend.database.mongo - INFO - database indexes prepared successfully
2026-05-20 18:11:23,667 - backend.routes.shipment_routes - INFO - shipment creation requested
2026-05-20 18:11:23,669 - backend.routes.shipment_routes - INFO - shipment created successfully
2026-05-20 18:11:23,669 - scmxpertlite.request - INFO - request completed
2026-05-20 18:11:23,669 - httpx - INFO - HTTP Request: POST http://testserver/api/shipments "HTTP/1.1 201 Created"
2026-05-20 18:11:23,669 - backend.database.mongo - INFO - closing MongoDB connection
2026-05-20 18:11:23,684 - scmxpertlite.request - INFO - request completed
2026-05-20 18:11:23,684 - httpx - INFO - HTTP Request: POST http://testserver/api/shipments "HTTP/1.1 422 Unprocessable Entity"
2026-05-20 18:11:23,684 - backend.database.mongo - INFO - closing MongoDB connection
2026-05-20 18:11:23,698 - backend.routes.shipment_routes - INFO - shipment list requested
2026-05-20 18:11:23,698 - scmxpertlite.request - INFO - request completed
2026-05-20 18:11:23,698 - httpx - INFO - HTTP Request: GET http://testserver/api/shipments "HTTP/1.1 200 OK"
2026-05-20 18:11:23,700 - backend.database.mongo - INFO - closing MongoDB connection
2026-05-20 18:11:23,711 - backend.routes.shipment_routes - INFO - shipment lookup requested
2026-05-20 18:11:23,711 - scmxpertlite.request - INFO - request completed
2026-05-20 18:11:23,711 - httpx - INFO - HTTP Request: GET http://testserver/api/shipments/SCM-OWN1 "HTTP/1.1 200 OK"
2026-05-20 18:11:23,714 - backend.database.mongo - INFO - closing MongoDB connection
2026-05-20 18:11:23,728 - backend.routes.shipment_routes - INFO - shipment update requested
2026-05-20 18:11:23,729 - scmxpertlite.request - INFO - request completed
2026-05-20 18:11:23,730 - httpx - INFO - HTTP Request: PATCH http://testserver/api/shipments/SCM-OWN1 "HTTP/1.1 200 OK"
2026-05-20 18:11:23,731 - backend.database.mongo - INFO - closing MongoDB connection
2026-05-20 18:11:23,743 - backend.routes.shipment_routes - INFO - shipment deletion requested
2026-05-20 18:11:23,743 - scmxpertlite.request - INFO - request completed
2026-05-20 18:11:23,744 - httpx - INFO - HTTP Request: DELETE http://testserver/api/shipments/SCM-OWN1 "HTTP/1.1 200 OK"
2026-05-20 18:11:23,745 - backend.database.mongo - INFO - closing MongoDB connection
2026-05-20 18:11:23,748 - scmxpertlite.request - INFO - request completed
2026-05-20 18:11:23,749 - httpx - INFO - HTTP Request: GET http://testserver/api/admin/users "HTTP/1.1 403 Forbidden"
2026-05-20 18:11:23,750 - backend.database.mongo - INFO - closing MongoDB connection
2026-05-20 18:11:23,759 - backend.routes.auth.admin_auth_routes - INFO - admin user list requested
2026-05-20 18:11:23,770 - scmxpertlite.request - INFO - request completed
2026-05-20 18:11:23,771 - httpx - INFO - HTTP Request: GET http://testserver/api/admin/users "HTTP/1.1 200 OK"
2026-05-20 18:11:23,772 - backend.database.mongo - INFO - closing MongoDB connection
2026-05-20 18:11:25,300 - backend.routes.device_routes - INFO - device creation requested
2026-05-20 18:11:25,300 - backend.routes.device_routes - INFO - device created successfully
2026-05-20 18:11:25,305 - scmxpertlite.request - INFO - request completed
2026-05-20 18:11:25,305 - httpx - INFO - HTTP Request: POST http://testserver/api/devices "HTTP/1.1 201 Created"
2026-05-20 18:11:25,305 - backend.database.mongo - INFO - closing MongoDB connection
2026-05-20 18:11:25,314 - backend.routes.device_routes - INFO - device creation requested
2026-05-20 18:11:25,314 - backend.routes.device_routes - WARNING - device creation rejected due to duplicate device id
2026-05-20 18:11:25,314 - scmxpertlite.request - INFO - request completed
2026-05-20 18:11:25,314 - httpx - INFO - HTTP Request: POST http://testserver/api/devices "HTTP/1.1 409 Conflict"
2026-05-20 18:11:25,319 - backend.database.mongo - INFO - closing MongoDB connection
2026-05-20 18:11:25,326 - backend.routes.device_routes - INFO - device list requested
2026-05-20 18:11:25,327 - scmxpertlite.request - INFO - request completed
2026-05-20 18:11:25,328 - httpx - INFO - HTTP Request: GET http://testserver/api/devices "HTTP/1.1 200 OK"
2026-05-20 18:11:25,328 - backend.database.mongo - INFO - closing MongoDB connection
2026-05-20 18:11:25,335 - backend.routes.device_routes - INFO - device lookup requested
2026-05-20 18:11:25,335 - scmxpertlite.request - INFO - request completed
2026-05-20 18:11:25,335 - httpx - INFO - HTTP Request: GET http://testserver/api/devices/DEV-001 "HTTP/1.1 200 OK"
2026-05-20 18:11:25,335 - backend.database.mongo - INFO - closing MongoDB connection
2026-05-20 18:11:25,345 - backend.routes.device_routes - INFO - device update requested
2026-05-20 18:11:25,345 - scmxpertlite.request - INFO - request completed
2026-05-20 18:11:25,345 - httpx - INFO - HTTP Request: PATCH http://testserver/api/devices/DEV-001 "HTTP/1.1 200 OK"
2026-05-20 18:11:25,345 - backend.database.mongo - INFO - closing MongoDB connection
2026-05-20 18:11:25,345 - backend.routes.device_routes - INFO - device deletion requested
2026-05-20 18:11:25,345 - scmxpertlite.request - INFO - request completed
2026-05-20 18:11:25,345 - httpx - INFO - HTTP Request: DELETE http://testserver/api/devices/DEV-001 "HTTP/1.1 200 OK"
2026-05-20 18:11:25,345 - backend.database.mongo - INFO - closing MongoDB connection
2026-05-20 18:11:25,361 - backend.routes.shipment_routes - INFO - shipment creation requested
2026-05-20 18:11:25,361 - backend.routes.shipment_routes - INFO - shipment created successfully
2026-05-20 18:11:25,361 - scmxpertlite.request - INFO - request completed
2026-05-20 18:11:25,361 - httpx - INFO - HTTP Request: POST http://testserver/api/shipments "HTTP/1.1 201 Created"
2026-05-20 18:11:25,367 - backend.database.mongo - INFO - closing MongoDB connection
2026-05-20 18:11:25,369 - scmxpertlite.request - INFO - request completed
2026-05-20 18:11:25,369 - httpx - INFO - HTTP Request: POST http://testserver/api/shipments "HTTP/1.1 422 Unprocessable Entity"
2026-05-20 18:11:25,369 - backend.database.mongo - INFO - closing MongoDB connection
2026-05-20 18:11:25,378 - backend.routes.shipment_routes - INFO - shipment list requested
2026-05-20 18:11:25,378 - scmxpertlite.request - INFO - request completed
2026-05-20 18:11:25,378 - httpx - INFO - HTTP Request: GET http://testserver/api/shipments "HTTP/1.1 200 OK"
2026-05-20 18:11:25,378 - backend.database.mongo - INFO - closing MongoDB connection
2026-05-20 18:11:25,393 - backend.routes.shipment_routes - INFO - shipment lookup requested
2026-05-20 18:11:25,393 - scmxpertlite.request - INFO - request completed
2026-05-20 18:11:25,393 - httpx - INFO - HTTP Request: GET http://testserver/api/shipments/SCM-OWN1 "HTTP/1.1 200 OK"
2026-05-20 18:11:25,393 - backend.database.mongo - INFO - closing MongoDB connection
2026-05-20 18:11:25,403 - backend.routes.shipment_routes - INFO - shipment update requested
2026-05-20 18:11:25,403 - scmxpertlite.request - INFO - request completed
2026-05-20 18:11:25,403 - httpx - INFO - HTTP Request: PATCH http://testserver/api/shipments/SCM-OWN1 "HTTP/1.1 200 OK"
2026-05-20 18:11:25,403 - backend.database.mongo - INFO - closing MongoDB connection
2026-05-20 18:11:25,409 - backend.routes.shipment_routes - INFO - shipment deletion requested
2026-05-20 18:11:25,409 - scmxpertlite.request - INFO - request completed
2026-05-20 18:11:25,409 - httpx - INFO - HTTP Request: DELETE http://testserver/api/shipments/SCM-OWN1 "HTTP/1.1 200 OK"
2026-05-20 18:11:25,409 - backend.database.mongo - INFO - closing MongoDB connection
2026-05-20 18:11:25,409 - backend.routes.auth.user_auth_routes - INFO - signup requested
2026-05-20 18:11:25,422 - backend.routes.auth.user_auth_routes - INFO - signup completed
2026-05-20 18:11:25,422 - scmxpertlite.request - INFO - request completed
2026-05-20 18:11:25,422 - httpx - INFO - HTTP Request: POST http://testserver/api/auth/signup "HTTP/1.1 201 Created"
2026-05-20 18:11:25,422 - backend.database.mongo - INFO - closing MongoDB connection
2026-05-20 18:11:25,430 - backend.routes.auth.user_auth_routes - INFO - signup requested
2026-05-20 18:11:25,430 - backend.routes.auth.user_auth_routes - WARNING - signup rejected by validation or business rule
2026-05-20 18:11:25,430 - scmxpertlite.request - INFO - request completed
2026-05-20 18:11:25,430 - httpx - INFO - HTTP Request: POST http://testserver/api/auth/signup "HTTP/1.1 409 Conflict"
2026-05-20 18:11:25,430 - backend.database.mongo - INFO - closing MongoDB connection
2026-05-20 18:11:25,436 - scmxpertlite.request - INFO - request completed
2026-05-20 18:11:25,436 - httpx - INFO - HTTP Request: POST http://testserver/api/auth/signup "HTTP/1.1 422 Unprocessable Entity"
2026-05-20 18:11:25,436 - backend.database.mongo - INFO - closing MongoDB connection
2026-05-20 18:11:25,443 - backend.routes.auth.user_auth_routes - INFO - oauth token requested
2026-05-20 18:11:25,443 - backend.routes.auth.user_auth_routes - INFO - oauth token issued
2026-05-20 18:11:25,443 - scmxpertlite.request - INFO - request completed
2026-05-20 18:11:25,443 - httpx - INFO - HTTP Request: POST http://testserver/api/auth/token "HTTP/1.1 200 OK"
2026-05-20 18:11:25,443 - backend.database.mongo - INFO - closing MongoDB connection
2026-05-20 18:11:25,443 - backend.database.mongo - INFO - preparing database indexes
2026-05-20 18:11:25,443 - backend.database.mongo - INFO - database indexes prepared successfully
2026-05-20 18:11:52,591 - backend.database.mongo - INFO - preparing database indexes
2026-05-20 18:11:54,963 - backend.database.mongo - INFO - database connection check succeeded
2026-05-20 18:11:55,961 - backend.database.mongo - INFO - database indexes prepared successfully
2026-05-20 18:11:55,997 - backend.database.mongo - INFO - default admin seed skipped because admin already exists
2026-05-20 18:11:56,025 - backend.database.mongo - INFO - closing MongoDB connection
2026-05-20 18:12:51,187 - main - WARNING - application startup completed with degraded database state
2026-05-20 18:12:51,197 - scmxpertlite.request - INFO - request completed
2026-05-20 18:12:51,202 - httpx - INFO - HTTP Request: GET http://testserver/ "HTTP/1.1 200 OK"
2026-05-20 18:12:51,309 - scmxpertlite.request - INFO - request completed
2026-05-20 18:12:51,311 - httpx - INFO - HTTP Request: GET http://testserver/api/admin/users "HTTP/1.1 403 Forbidden"
2026-05-20 18:12:51,311 - backend.database.mongo - INFO - closing MongoDB connection
2026-05-20 18:12:51,313 - backend.routes.auth.admin_auth_routes - INFO - admin user list requested
2026-05-20 18:12:51,331 - scmxpertlite.request - INFO - request completed
2026-05-20 18:12:51,331 - httpx - INFO - HTTP Request: GET http://testserver/api/admin/users "HTTP/1.1 200 OK"
2026-05-20 18:12:51,333 - backend.database.mongo - INFO - closing MongoDB connection
2026-05-20 18:12:52,792 - backend.routes.device_routes - INFO - device creation requested
2026-05-20 18:12:52,792 - backend.routes.device_routes - INFO - device created successfully
2026-05-20 18:12:52,792 - scmxpertlite.request - INFO - request completed
2026-05-20 18:12:52,793 - httpx - INFO - HTTP Request: POST http://testserver/api/devices "HTTP/1.1 201 Created"
2026-05-20 18:12:52,794 - backend.database.mongo - INFO - closing MongoDB connection
2026-05-20 18:12:52,800 - backend.routes.device_routes - INFO - device creation requested
2026-05-20 18:12:52,801 - backend.routes.device_routes - WARNING - device creation rejected due to duplicate device id
2026-05-20 18:12:52,801 - scmxpertlite.request - INFO - request completed
2026-05-20 18:12:52,801 - httpx - INFO - HTTP Request: POST http://testserver/api/devices "HTTP/1.1 409 Conflict"
2026-05-20 18:12:52,802 - backend.database.mongo - INFO - closing MongoDB connection
2026-05-20 18:12:52,811 - backend.routes.device_routes - INFO - device list requested
2026-05-20 18:12:52,812 - scmxpertlite.request - INFO - request completed
2026-05-20 18:12:52,812 - httpx - INFO - HTTP Request: GET http://testserver/api/devices "HTTP/1.1 200 OK"
2026-05-20 18:12:52,813 - backend.database.mongo - INFO - closing MongoDB connection
2026-05-20 18:12:52,820 - backend.database.mongo - INFO - database connection check succeeded
2026-05-20 18:12:52,820 - backend.database.mongo - INFO - database health check returned up
2026-05-20 18:12:52,821 - scmxpertlite.request - INFO - request completed
2026-05-20 18:12:52,821 - httpx - INFO - HTTP Request: GET http://testserver/health "HTTP/1.1 200 OK"
2026-05-20 18:12:52,822 - backend.database.mongo - INFO - closing MongoDB connection
2026-05-20 18:12:52,824 - backend.routes.device_routes - INFO - device lookup requested
2026-05-20 18:12:52,825 - scmxpertlite.request - INFO - request completed
2026-05-20 18:12:52,825 - httpx - INFO - HTTP Request: GET http://testserver/api/devices/DEV-001 "HTTP/1.1 200 OK"
2026-05-20 18:12:52,826 - backend.database.mongo - INFO - closing MongoDB connection
2026-05-20 18:12:52,837 - backend.routes.device_routes - INFO - device update requested
2026-05-20 18:12:52,837 - scmxpertlite.request - INFO - request completed
2026-05-20 18:12:52,838 - httpx - INFO - HTTP Request: PATCH http://testserver/api/devices/DEV-001 "HTTP/1.1 200 OK"
2026-05-20 18:12:52,838 - backend.database.mongo - INFO - closing MongoDB connection
2026-05-20 18:12:52,846 - backend.routes.device_routes - INFO - device deletion requested
2026-05-20 18:12:52,847 - scmxpertlite.request - INFO - request completed
2026-05-20 18:12:52,847 - httpx - INFO - HTTP Request: DELETE http://testserver/api/devices/DEV-001 "HTTP/1.1 200 OK"
2026-05-20 18:12:52,848 - backend.database.mongo - INFO - closing MongoDB connection
2026-05-20 18:12:52,857 - backend.routes.shipment_routes - INFO - shipment creation requested
2026-05-20 18:12:52,857 - backend.routes.shipment_routes - INFO - shipment created successfully
2026-05-20 18:12:52,857 - scmxpertlite.request - INFO - request completed
2026-05-20 18:12:52,858 - httpx - INFO - HTTP Request: POST http://testserver/api/shipments "HTTP/1.1 201 Created"
2026-05-20 18:12:52,858 - backend.database.mongo - INFO - closing MongoDB connection
2026-05-20 18:12:52,866 - scmxpertlite.request - INFO - request completed
2026-05-20 18:12:52,867 - httpx - INFO - HTTP Request: POST http://testserver/api/shipments "HTTP/1.1 422 Unprocessable Entity"
2026-05-20 18:12:52,867 - backend.database.mongo - INFO - closing MongoDB connection
2026-05-20 18:12:52,875 - backend.routes.shipment_routes - INFO - shipment list requested
2026-05-20 18:12:52,875 - scmxpertlite.request - INFO - request completed
2026-05-20 18:12:52,876 - httpx - INFO - HTTP Request: GET http://testserver/api/shipments "HTTP/1.1 200 OK"
2026-05-20 18:12:52,876 - backend.database.mongo - INFO - closing MongoDB connection
2026-05-20 18:12:52,886 - backend.routes.shipment_routes - INFO - shipment lookup requested
2026-05-20 18:12:52,888 - scmxpertlite.request - INFO - request completed
2026-05-20 18:12:52,888 - httpx - INFO - HTTP Request: GET http://testserver/api/shipments/SCM-OWN1 "HTTP/1.1 200 OK"
2026-05-20 18:12:52,889 - backend.database.mongo - INFO - closing MongoDB connection
2026-05-20 18:12:52,899 - backend.routes.shipment_routes - INFO - shipment update requested
2026-05-20 18:12:52,900 - scmxpertlite.request - INFO - request completed
2026-05-20 18:12:52,900 - httpx - INFO - HTTP Request: PATCH http://testserver/api/shipments/SCM-OWN1 "HTTP/1.1 200 OK"
2026-05-20 18:12:52,901 - backend.database.mongo - INFO - closing MongoDB connection
2026-05-20 18:12:52,910 - backend.routes.shipment_routes - INFO - shipment deletion requested
2026-05-20 18:12:52,910 - scmxpertlite.request - INFO - request completed
2026-05-20 18:12:52,911 - httpx - INFO - HTTP Request: DELETE http://testserver/api/shipments/SCM-OWN1 "HTTP/1.1 200 OK"
2026-05-20 18:12:52,911 - backend.database.mongo - INFO - closing MongoDB connection
2026-05-20 18:12:52,916 - main - WARNING - application startup completed with degraded database state
2026-05-20 18:12:52,918 - scmxpertlite.request - INFO - request completed
2026-05-20 18:12:52,919 - httpx - INFO - HTTP Request: GET http://testserver/ "HTTP/1.1 200 OK"
2026-05-20 18:12:54,644 - backend.database.mongo - INFO - database connection check succeeded
2026-05-20 18:12:54,644 - backend.database.mongo - INFO - database health check returned up
2026-05-20 18:12:54,644 - scmxpertlite.request - INFO - request completed
2026-05-20 18:12:54,645 - httpx - INFO - HTTP Request: GET http://testserver/health "HTTP/1.1 200 OK"
2026-05-20 18:12:54,646 - backend.database.mongo - INFO - closing MongoDB connection
2026-05-20 18:12:54,845 - backend.routes.auth.user_auth_routes - INFO - signup requested
2026-05-20 18:12:54,845 - backend.routes.auth.user_auth_routes - INFO - signup completed
2026-05-20 18:12:54,845 - scmxpertlite.request - INFO - request completed
2026-05-20 18:12:54,846 - httpx - INFO - HTTP Request: POST http://testserver/api/auth/signup "HTTP/1.1 201 Created"
2026-05-20 18:12:54,846 - backend.database.mongo - INFO - closing MongoDB connection
2026-05-20 18:12:54,854 - backend.routes.auth.user_auth_routes - INFO - signup requested
2026-05-20 18:12:54,854 - backend.routes.auth.user_auth_routes - WARNING - signup rejected by validation or business rule
2026-05-20 18:12:54,854 - scmxpertlite.request - INFO - request completed
2026-05-20 18:12:54,854 - httpx - INFO - HTTP Request: POST http://testserver/api/auth/signup "HTTP/1.1 409 Conflict"
2026-05-20 18:12:54,855 - backend.database.mongo - INFO - closing MongoDB connection
2026-05-20 18:12:54,864 - scmxpertlite.request - INFO - request completed
2026-05-20 18:12:54,865 - httpx - INFO - HTTP Request: POST http://testserver/api/auth/signup "HTTP/1.1 422 Unprocessable Entity"
2026-05-20 18:12:54,865 - backend.database.mongo - INFO - closing MongoDB connection
2026-05-20 18:12:54,878 - backend.routes.auth.user_auth_routes - INFO - oauth token requested
2026-05-20 18:12:54,878 - backend.routes.auth.user_auth_routes - INFO - oauth token issued
2026-05-20 18:12:54,879 - scmxpertlite.request - INFO - request completed
2026-05-20 18:12:54,879 - httpx - INFO - HTTP Request: POST http://testserver/api/auth/token "HTTP/1.1 200 OK"
2026-05-20 18:12:54,880 - backend.database.mongo - INFO - closing MongoDB connection
2026-05-20 18:12:54,885 - backend.database.mongo - INFO - preparing database indexes
2026-05-20 18:12:54,885 - backend.database.mongo - INFO - database indexes prepared successfully
2026-05-20 18:13:11,687 - main - WARNING - application startup completed with degraded database state
2026-05-20 18:13:11,695 - scmxpertlite.request - INFO - request completed
2026-05-20 18:13:11,697 - httpx - INFO - HTTP Request: GET http://testserver/ "HTTP/1.1 200 OK"
2026-05-20 18:13:11,763 - scmxpertlite.request - INFO - request completed
2026-05-20 18:13:11,764 - httpx - INFO - HTTP Request: GET http://testserver/api/admin/users "HTTP/1.1 403 Forbidden"
2026-05-20 18:13:11,765 - backend.database.mongo - INFO - closing MongoDB connection
2026-05-20 18:13:11,777 - backend.routes.auth.admin_auth_routes - INFO - admin user list requested
2026-05-20 18:13:11,779 - scmxpertlite.request - INFO - request completed
2026-05-20 18:13:11,779 - httpx - INFO - HTTP Request: GET http://testserver/api/admin/users "HTTP/1.1 200 OK"
2026-05-20 18:13:11,779 - backend.database.mongo - INFO - closing MongoDB connection
2026-05-20 18:13:12,570 - backend.database.mongo - INFO - database connection check succeeded
2026-05-20 18:13:12,570 - backend.database.mongo - INFO - database health check returned up
2026-05-20 18:13:12,570 - scmxpertlite.request - INFO - request completed
2026-05-20 18:13:12,570 - httpx - INFO - HTTP Request: GET http://testserver/health "HTTP/1.1 200 OK"
2026-05-20 18:13:12,570 - backend.database.mongo - INFO - closing MongoDB connection
2026-05-20 18:13:13,302 - backend.routes.device_routes - INFO - device creation requested
2026-05-20 18:13:13,302 - backend.routes.device_routes - INFO - device created successfully
2026-05-20 18:13:13,302 - scmxpertlite.request - INFO - request completed
2026-05-20 18:13:13,302 - httpx - INFO - HTTP Request: POST http://testserver/api/devices "HTTP/1.1 201 Created"
2026-05-20 18:13:13,302 - backend.database.mongo - INFO - closing MongoDB connection
2026-05-20 18:13:13,314 - backend.routes.device_routes - INFO - device creation requested
2026-05-20 18:13:13,315 - backend.routes.device_routes - WARNING - device creation rejected due to duplicate device id
2026-05-20 18:13:13,315 - scmxpertlite.request - INFO - request completed
2026-05-20 18:13:13,315 - httpx - INFO - HTTP Request: POST http://testserver/api/devices "HTTP/1.1 409 Conflict"
2026-05-20 18:13:13,315 - backend.database.mongo - INFO - closing MongoDB connection
2026-05-20 18:13:13,318 - backend.routes.device_routes - INFO - device list requested
2026-05-20 18:13:13,318 - scmxpertlite.request - INFO - request completed
2026-05-20 18:13:13,327 - httpx - INFO - HTTP Request: GET http://testserver/api/devices "HTTP/1.1 200 OK"
2026-05-20 18:13:13,327 - backend.database.mongo - INFO - closing MongoDB connection
2026-05-20 18:13:13,334 - backend.routes.device_routes - INFO - device lookup requested
2026-05-20 18:13:13,334 - scmxpertlite.request - INFO - request completed
2026-05-20 18:13:13,334 - httpx - INFO - HTTP Request: GET http://testserver/api/devices/DEV-001 "HTTP/1.1 200 OK"
2026-05-20 18:13:13,334 - backend.database.mongo - INFO - closing MongoDB connection
2026-05-20 18:13:13,351 - backend.routes.device_routes - INFO - device update requested
2026-05-20 18:13:13,352 - scmxpertlite.request - INFO - request completed
2026-05-20 18:13:13,352 - httpx - INFO - HTTP Request: PATCH http://testserver/api/devices/DEV-001 "HTTP/1.1 200 OK"
2026-05-20 18:13:13,353 - backend.database.mongo - INFO - closing MongoDB connection
2026-05-20 18:13:13,363 - backend.routes.device_routes - INFO - device deletion requested
2026-05-20 18:13:13,363 - scmxpertlite.request - INFO - request completed
2026-05-20 18:13:13,364 - httpx - INFO - HTTP Request: DELETE http://testserver/api/devices/DEV-001 "HTTP/1.1 200 OK"
2026-05-20 18:13:13,365 - backend.database.mongo - INFO - closing MongoDB connection
2026-05-20 18:13:13,377 - backend.routes.shipment_routes - INFO - shipment creation requested
2026-05-20 18:13:13,377 - backend.routes.shipment_routes - INFO - shipment created successfully
2026-05-20 18:13:13,377 - scmxpertlite.request - INFO - request completed
2026-05-20 18:13:13,377 - httpx - INFO - HTTP Request: POST http://testserver/api/shipments "HTTP/1.1 201 Created"
2026-05-20 18:13:13,379 - backend.database.mongo - INFO - closing MongoDB connection
2026-05-20 18:13:13,390 - scmxpertlite.request - INFO - request completed
2026-05-20 18:13:13,390 - httpx - INFO - HTTP Request: POST http://testserver/api/shipments "HTTP/1.1 422 Unprocessable Entity"
2026-05-20 18:13:13,392 - backend.database.mongo - INFO - closing MongoDB connection
2026-05-20 18:13:13,402 - backend.routes.shipment_routes - INFO - shipment list requested
2026-05-20 18:13:13,402 - scmxpertlite.request - INFO - request completed
2026-05-20 18:13:13,402 - httpx - INFO - HTTP Request: GET http://testserver/api/shipments "HTTP/1.1 200 OK"
2026-05-20 18:13:13,402 - backend.database.mongo - INFO - closing MongoDB connection
2026-05-20 18:13:13,415 - backend.routes.shipment_routes - INFO - shipment lookup requested
2026-05-20 18:13:13,415 - scmxpertlite.request - INFO - request completed
2026-05-20 18:13:13,415 - httpx - INFO - HTTP Request: GET http://testserver/api/shipments/SCM-OWN1 "HTTP/1.1 200 OK"
2026-05-20 18:13:13,415 - backend.database.mongo - INFO - closing MongoDB connection
2026-05-20 18:13:13,430 - backend.routes.shipment_routes - INFO - shipment update requested
2026-05-20 18:13:13,431 - scmxpertlite.request - INFO - request completed
2026-05-20 18:13:13,431 - httpx - INFO - HTTP Request: PATCH http://testserver/api/shipments/SCM-OWN1 "HTTP/1.1 200 OK"
2026-05-20 18:13:13,432 - backend.database.mongo - INFO - closing MongoDB connection
2026-05-20 18:13:13,442 - backend.routes.shipment_routes - INFO - shipment deletion requested
2026-05-20 18:13:13,442 - scmxpertlite.request - INFO - request completed
2026-05-20 18:13:13,443 - httpx - INFO - HTTP Request: DELETE http://testserver/api/shipments/SCM-OWN1 "HTTP/1.1 200 OK"
2026-05-20 18:13:13,443 - backend.database.mongo - INFO - closing MongoDB connection
2026-05-20 18:13:13,451 - main - WARNING - application startup completed with degraded database state
2026-05-20 18:13:13,451 - scmxpertlite.request - INFO - request completed
2026-05-20 18:13:13,453 - httpx - INFO - HTTP Request: GET http://testserver/ "HTTP/1.1 200 OK"
2026-05-20 18:13:14,946 - backend.database.mongo - INFO - database connection check succeeded
2026-05-20 18:13:14,946 - backend.database.mongo - INFO - database health check returned up
2026-05-20 18:13:14,946 - scmxpertlite.request - INFO - request completed
2026-05-20 18:13:14,946 - httpx - INFO - HTTP Request: GET http://testserver/health "HTTP/1.1 200 OK"
2026-05-20 18:13:14,946 - backend.database.mongo - INFO - closing MongoDB connection
2026-05-20 18:13:14,996 - backend.routes.auth.user_auth_routes - INFO - signup requested
2026-05-20 18:13:14,996 - backend.routes.auth.user_auth_routes - INFO - signup completed
2026-05-20 18:13:14,996 - scmxpertlite.request - INFO - request completed
2026-05-20 18:13:14,996 - httpx - INFO - HTTP Request: POST http://testserver/api/auth/signup "HTTP/1.1 201 Created"
2026-05-20 18:13:15,004 - backend.database.mongo - INFO - closing MongoDB connection
2026-05-20 18:13:15,010 - backend.routes.auth.user_auth_routes - INFO - signup requested
2026-05-20 18:13:15,010 - backend.routes.auth.user_auth_routes - WARNING - signup rejected by validation or business rule
2026-05-20 18:13:15,010 - scmxpertlite.request - INFO - request completed
2026-05-20 18:13:15,010 - httpx - INFO - HTTP Request: POST http://testserver/api/auth/signup "HTTP/1.1 409 Conflict"
2026-05-20 18:13:15,010 - backend.database.mongo - INFO - closing MongoDB connection
2026-05-20 18:13:15,010 - scmxpertlite.request - INFO - request completed
2026-05-20 18:13:15,010 - httpx - INFO - HTTP Request: POST http://testserver/api/auth/signup "HTTP/1.1 422 Unprocessable Entity"
2026-05-20 18:13:15,010 - backend.database.mongo - INFO - closing MongoDB connection
2026-05-20 18:13:15,022 - backend.routes.auth.user_auth_routes - INFO - oauth token requested
2026-05-20 18:13:15,022 - backend.routes.auth.user_auth_routes - INFO - oauth token issued
2026-05-20 18:13:15,022 - scmxpertlite.request - INFO - request completed
2026-05-20 18:13:15,022 - httpx - INFO - HTTP Request: POST http://testserver/api/auth/token "HTTP/1.1 200 OK"
2026-05-20 18:13:15,022 - backend.database.mongo - INFO - closing MongoDB connection
2026-05-20 18:13:15,039 - backend.database.mongo - INFO - preparing database indexes
2026-05-20 18:13:15,039 - backend.database.mongo - INFO - database indexes prepared successfully
2026-05-20 18:15:23,772 - backend.database.mongo - INFO - preparing database indexes
2026-05-20 18:15:25,192 - backend.database.mongo - INFO - database connection check succeeded
2026-05-20 18:15:25,856 - backend.database.mongo - INFO - database indexes prepared successfully
2026-05-20 18:15:25,889 - backend.database.mongo - INFO - default admin seed skipped because admin already exists
2026-05-20 18:15:25,912 - backend.database.mongo - INFO - closing MongoDB connection
2026-05-20 18:17:16,659 - scmxpertlite.request - INFO - request completed
2026-05-20 18:17:16,659 - httpx - INFO - HTTP Request: GET http://testserver/api/admin/users "HTTP/1.1 403 Forbidden"
2026-05-20 18:17:16,659 - backend.database.mongo - INFO - closing MongoDB connection
2026-05-20 18:17:16,669 - backend.routes.auth.admin_auth_routes - INFO - admin user list requested
2026-05-20 18:17:16,678 - scmxpertlite.request - INFO - request completed
2026-05-20 18:17:16,680 - httpx - INFO - HTTP Request: GET http://testserver/api/admin/users "HTTP/1.1 200 OK"
2026-05-20 18:17:16,680 - backend.database.mongo - INFO - closing MongoDB connection
2026-05-20 18:17:18,125 - backend.routes.device_routes - INFO - device creation requested
2026-05-20 18:17:18,125 - backend.routes.device_routes - INFO - device created successfully
2026-05-20 18:17:18,126 - scmxpertlite.request - INFO - request completed
2026-05-20 18:17:18,126 - httpx - INFO - HTTP Request: POST http://testserver/api/devices "HTTP/1.1 201 Created"
2026-05-20 18:17:18,127 - backend.database.mongo - INFO - closing MongoDB connection
2026-05-20 18:17:18,136 - backend.routes.device_routes - INFO - device creation requested
2026-05-20 18:17:18,136 - backend.routes.device_routes - WARNING - device creation rejected due to duplicate device id
2026-05-20 18:17:18,136 - scmxpertlite.request - INFO - request completed
2026-05-20 18:17:18,137 - httpx - INFO - HTTP Request: POST http://testserver/api/devices "HTTP/1.1 409 Conflict"
2026-05-20 18:17:18,137 - backend.database.mongo - INFO - closing MongoDB connection
2026-05-20 18:17:18,142 - backend.routes.device_routes - INFO - device list requested
2026-05-20 18:17:18,145 - scmxpertlite.request - INFO - request completed
2026-05-20 18:17:18,145 - httpx - INFO - HTTP Request: GET http://testserver/api/devices "HTTP/1.1 200 OK"
2026-05-20 18:17:18,146 - backend.database.mongo - INFO - closing MongoDB connection
2026-05-20 18:17:18,152 - backend.routes.device_routes - INFO - device lookup requested
2026-05-20 18:17:18,155 - scmxpertlite.request - INFO - request completed
2026-05-20 18:17:18,155 - httpx - INFO - HTTP Request: GET http://testserver/api/devices/DEV-001 "HTTP/1.1 200 OK"
2026-05-20 18:17:18,156 - backend.database.mongo - INFO - closing MongoDB connection
2026-05-20 18:17:18,164 - backend.routes.device_routes - INFO - device update requested
2026-05-20 18:17:18,166 - scmxpertlite.request - INFO - request completed
2026-05-20 18:17:18,166 - httpx - INFO - HTTP Request: PATCH http://testserver/api/devices/DEV-001 "HTTP/1.1 200 OK"
2026-05-20 18:17:18,166 - backend.database.mongo - INFO - closing MongoDB connection
2026-05-20 18:17:18,172 - backend.routes.device_routes - INFO - device deletion requested
2026-05-20 18:17:18,172 - scmxpertlite.request - INFO - request completed
2026-05-20 18:17:18,172 - httpx - INFO - HTTP Request: DELETE http://testserver/api/devices/DEV-001 "HTTP/1.1 200 OK"
2026-05-20 18:17:18,172 - backend.database.mongo - INFO - closing MongoDB connection
2026-05-20 18:17:18,185 - backend.routes.shipment_routes - INFO - shipment creation requested
2026-05-20 18:17:18,185 - backend.routes.shipment_routes - INFO - shipment created successfully
2026-05-20 18:17:18,185 - scmxpertlite.request - INFO - request completed
2026-05-20 18:17:18,185 - httpx - INFO - HTTP Request: POST http://testserver/api/shipments "HTTP/1.1 201 Created"
2026-05-20 18:17:18,185 - backend.database.mongo - INFO - closing MongoDB connection
2026-05-20 18:17:18,188 - scmxpertlite.request - INFO - request completed
2026-05-20 18:17:18,188 - httpx - INFO - HTTP Request: POST http://testserver/api/shipments "HTTP/1.1 422 Unprocessable Entity"
2026-05-20 18:17:18,195 - backend.database.mongo - INFO - closing MongoDB connection
2026-05-20 18:17:18,203 - backend.routes.shipment_routes - INFO - shipment list requested
2026-05-20 18:17:18,203 - scmxpertlite.request - INFO - request completed
2026-05-20 18:17:18,203 - httpx - INFO - HTTP Request: GET http://testserver/api/shipments "HTTP/1.1 200 OK"
2026-05-20 18:17:18,204 - backend.database.mongo - INFO - closing MongoDB connection
2026-05-20 18:17:18,204 - backend.routes.shipment_routes - INFO - shipment lookup requested
2026-05-20 18:17:18,204 - scmxpertlite.request - INFO - request completed
2026-05-20 18:17:18,204 - httpx - INFO - HTTP Request: GET http://testserver/api/shipments/SCM-OWN1 "HTTP/1.1 200 OK"
2026-05-20 18:17:18,204 - backend.database.mongo - INFO - closing MongoDB connection
2026-05-20 18:17:18,219 - backend.routes.shipment_routes - INFO - shipment update requested
2026-05-20 18:17:18,221 - scmxpertlite.request - INFO - request completed
2026-05-20 18:17:18,221 - httpx - INFO - HTTP Request: PATCH http://testserver/api/shipments/SCM-OWN1 "HTTP/1.1 200 OK"
2026-05-20 18:17:18,221 - backend.database.mongo - INFO - closing MongoDB connection
2026-05-20 18:17:18,230 - backend.routes.shipment_routes - INFO - shipment deletion requested
2026-05-20 18:17:18,230 - scmxpertlite.request - INFO - request completed
2026-05-20 18:17:18,230 - httpx - INFO - HTTP Request: DELETE http://testserver/api/shipments/SCM-OWN1 "HTTP/1.1 200 OK"
2026-05-20 18:17:18,230 - backend.database.mongo - INFO - closing MongoDB connection
2026-05-20 18:17:18,235 - main - WARNING - application startup completed with degraded database state
2026-05-20 18:17:18,241 - scmxpertlite.request - INFO - request completed
2026-05-20 18:17:18,242 - httpx - INFO - HTTP Request: GET http://testserver/ "HTTP/1.1 200 OK"
2026-05-20 18:17:19,737 - backend.database.mongo - INFO - database connection check succeeded
2026-05-20 18:17:19,737 - backend.database.mongo - INFO - database health check returned up
2026-05-20 18:17:19,737 - scmxpertlite.request - INFO - request completed
2026-05-20 18:17:19,738 - httpx - INFO - HTTP Request: GET http://testserver/health "HTTP/1.1 200 OK"
2026-05-20 18:17:19,738 - backend.database.mongo - INFO - closing MongoDB connection
2026-05-20 18:17:19,786 - backend.routes.auth.user_auth_routes - INFO - signup requested
2026-05-20 18:17:19,786 - backend.routes.auth.user_auth_routes - INFO - signup completed
2026-05-20 18:17:19,786 - scmxpertlite.request - INFO - request completed
2026-05-20 18:17:19,786 - httpx - INFO - HTTP Request: POST http://testserver/api/auth/signup "HTTP/1.1 201 Created"
2026-05-20 18:17:19,786 - backend.database.mongo - INFO - closing MongoDB connection
2026-05-20 18:17:19,794 - backend.routes.auth.user_auth_routes - INFO - signup requested
2026-05-20 18:17:19,794 - backend.routes.auth.user_auth_routes - WARNING - signup rejected by validation or business rule
2026-05-20 18:17:19,796 - scmxpertlite.request - INFO - request completed
2026-05-20 18:17:19,796 - httpx - INFO - HTTP Request: POST http://testserver/api/auth/signup "HTTP/1.1 409 Conflict"
2026-05-20 18:17:19,796 - backend.database.mongo - INFO - closing MongoDB connection
2026-05-20 18:17:19,802 - scmxpertlite.request - INFO - request completed
2026-05-20 18:17:19,802 - httpx - INFO - HTTP Request: POST http://testserver/api/auth/signup "HTTP/1.1 422 Unprocessable Entity"
2026-05-20 18:17:19,802 - backend.database.mongo - INFO - closing MongoDB connection
2026-05-20 18:17:19,818 - backend.routes.auth.user_auth_routes - INFO - oauth token requested
2026-05-20 18:17:19,818 - backend.routes.auth.user_auth_routes - INFO - oauth token issued
2026-05-20 18:17:19,818 - scmxpertlite.request - INFO - request completed
2026-05-20 18:17:19,818 - httpx - INFO - HTTP Request: POST http://testserver/api/auth/token "HTTP/1.1 200 OK"
2026-05-20 18:17:19,818 - backend.database.mongo - INFO - closing MongoDB connection
2026-05-20 18:17:19,818 - backend.database.mongo - INFO - preparing database indexes
2026-05-20 18:17:19,818 - backend.database.mongo - INFO - database indexes prepared successfully
2026-05-20 18:18:20,222 - backend.database.mongo - INFO - preparing database indexes
2026-05-20 18:18:21,756 - backend.database.mongo - INFO - database connection check succeeded
2026-05-20 18:18:22,925 - backend.database.mongo - INFO - database indexes prepared successfully
2026-05-20 18:18:23,071 - backend.database.mongo - INFO - default admin seed skipped because admin already exists
2026-05-20 18:18:23,072 - backend.database.mongo - INFO - closing MongoDB connection
2026-05-20 18:19:50,051 - backend.database.mongo - INFO - preparing database indexes
2026-05-20 18:19:51,605 - backend.database.mongo - INFO - database connection check succeeded
2026-05-20 18:19:52,184 - backend.database.mongo - INFO - database indexes prepared successfully
2026-05-20 18:19:52,231 - backend.database.mongo - INFO - default admin seed skipped because admin already exists
2026-05-20 18:20:00,047 - scmxpertlite.request - INFO - request completed
2026-05-20 18:20:00,150 - scmxpertlite.request - INFO - request completed
2026-05-20 18:20:07,438 - scmxpertlite.request - INFO - request completed
2026-05-20 18:20:07,608 - scmxpertlite.request - INFO - request completed
2026-05-20 18:20:52,069 - scmxpertlite.request - INFO - request completed
2026-05-20 18:20:52,507 - scmxpertlite.request - INFO - request completed
2026-05-20 18:22:29,678 - backend.routes.auth.user_auth_routes - INFO - oauth token requested
2026-05-20 18:22:29,678 - backend.services.auth_service - INFO - authenticating user
2026-05-20 18:22:30,043 - backend.services.auth_service - INFO - authentication succeeded
2026-05-20 18:22:30,043 - backend.routes.auth.user_auth_routes - INFO - oauth token issued
2026-05-20 18:22:30,069 - scmxpertlite.request - INFO - request completed
2026-05-20 18:32:48,791 - scmxpertlite.request - INFO - request completed
2026-05-20 18:32:49,482 - scmxpertlite.request - INFO - request completed
2026-05-20 18:33:38,827 - backend.database.mongo - INFO - preparing database indexes
2026-05-20 18:33:39,675 - backend.database.mongo - INFO - database connection check succeeded
2026-05-20 18:33:40,056 - backend.database.mongo - INFO - database indexes prepared successfully
2026-05-20 18:33:40,091 - backend.database.mongo - INFO - default admin seed skipped because admin already exists
2026-05-20 18:33:40,093 - backend.database.mongo - INFO - closing MongoDB connection
2026-05-20 18:34:35,375 - scmxpertlite.request - INFO - request completed
2026-05-20 18:34:35,375 - httpx - INFO - HTTP Request: GET http://testserver/api/admin/users "HTTP/1.1 403 Forbidden"
2026-05-20 18:34:35,375 - backend.database.mongo - INFO - closing MongoDB connection
2026-05-20 18:34:35,391 - backend.routes.auth.admin_auth_routes - INFO - admin user list requested
2026-05-20 18:34:35,396 - scmxpertlite.request - INFO - request completed
2026-05-20 18:34:35,396 - httpx - INFO - HTTP Request: GET http://testserver/api/admin/users "HTTP/1.1 200 OK"
2026-05-20 18:34:35,396 - backend.database.mongo - INFO - closing MongoDB connection
2026-05-20 18:34:36,812 - backend.routes.device_routes - INFO - device creation requested
2026-05-20 18:34:36,814 - backend.routes.device_routes - INFO - device created successfully
2026-05-20 18:34:36,814 - scmxpertlite.request - INFO - request completed
2026-05-20 18:34:36,814 - httpx - INFO - HTTP Request: POST http://testserver/api/devices "HTTP/1.1 201 Created"
2026-05-20 18:34:36,814 - backend.database.mongo - INFO - closing MongoDB connection
2026-05-20 18:34:36,821 - backend.routes.device_routes - INFO - device creation requested
2026-05-20 18:34:36,821 - backend.routes.device_routes - WARNING - device creation rejected due to duplicate device id
2026-05-20 18:34:36,821 - scmxpertlite.request - INFO - request completed
2026-05-20 18:34:36,823 - httpx - INFO - HTTP Request: POST http://testserver/api/devices "HTTP/1.1 409 Conflict"
2026-05-20 18:34:36,823 - backend.database.mongo - INFO - closing MongoDB connection
2026-05-20 18:34:36,830 - backend.routes.device_routes - INFO - device list requested
2026-05-20 18:34:36,830 - scmxpertlite.request - INFO - request completed
2026-05-20 18:34:36,830 - httpx - INFO - HTTP Request: GET http://testserver/api/devices "HTTP/1.1 200 OK"
2026-05-20 18:34:36,830 - backend.database.mongo - INFO - closing MongoDB connection
2026-05-20 18:34:36,830 - backend.routes.device_routes - INFO - device lookup requested
2026-05-20 18:34:36,830 - scmxpertlite.request - INFO - request completed
2026-05-20 18:34:36,830 - httpx - INFO - HTTP Request: GET http://testserver/api/devices/DEV-001 "HTTP/1.1 200 OK"
2026-05-20 18:34:36,830 - backend.database.mongo - INFO - closing MongoDB connection
2026-05-20 18:34:36,846 - backend.routes.device_routes - INFO - device update requested
2026-05-20 18:34:36,846 - scmxpertlite.request - INFO - request completed
2026-05-20 18:34:36,846 - httpx - INFO - HTTP Request: PATCH http://testserver/api/devices/DEV-001 "HTTP/1.1 200 OK"
2026-05-20 18:34:36,846 - backend.database.mongo - INFO - closing MongoDB connection
2026-05-20 18:34:36,856 - backend.routes.device_routes - INFO - device deletion requested
2026-05-20 18:34:36,861 - scmxpertlite.request - INFO - request completed
2026-05-20 18:34:36,861 - httpx - INFO - HTTP Request: DELETE http://testserver/api/devices/DEV-001 "HTTP/1.1 200 OK"
2026-05-20 18:34:36,861 - backend.database.mongo - INFO - closing MongoDB connection
2026-05-20 18:34:36,861 - backend.routes.shipment_routes - INFO - shipment creation requested
2026-05-20 18:34:36,861 - backend.routes.shipment_routes - INFO - shipment created successfully
2026-05-20 18:34:36,861 - scmxpertlite.request - INFO - request completed
2026-05-20 18:34:36,861 - httpx - INFO - HTTP Request: POST http://testserver/api/shipments "HTTP/1.1 201 Created"
2026-05-20 18:34:36,861 - backend.database.mongo - INFO - closing MongoDB connection
2026-05-20 18:34:36,877 - scmxpertlite.request - INFO - request completed
2026-05-20 18:34:36,877 - httpx - INFO - HTTP Request: POST http://testserver/api/shipments "HTTP/1.1 422 Unprocessable Entity"
2026-05-20 18:34:36,880 - backend.database.mongo - INFO - closing MongoDB connection
2026-05-20 18:34:36,888 - backend.routes.shipment_routes - INFO - shipment list requested
2026-05-20 18:34:36,888 - scmxpertlite.request - INFO - request completed
2026-05-20 18:34:36,888 - httpx - INFO - HTTP Request: GET http://testserver/api/shipments "HTTP/1.1 200 OK"
2026-05-20 18:34:36,888 - backend.database.mongo - INFO - closing MongoDB connection
2026-05-20 18:34:36,893 - backend.routes.shipment_routes - INFO - shipment lookup requested
2026-05-20 18:34:36,893 - scmxpertlite.request - INFO - request completed
2026-05-20 18:34:36,893 - httpx - INFO - HTTP Request: GET http://testserver/api/shipments/SCM-OWN1 "HTTP/1.1 200 OK"
2026-05-20 18:34:36,893 - backend.database.mongo - INFO - closing MongoDB connection
2026-05-20 18:34:36,893 - backend.routes.shipment_routes - INFO - shipment update requested
2026-05-20 18:34:36,893 - scmxpertlite.request - INFO - request completed
2026-05-20 18:34:36,893 - httpx - INFO - HTTP Request: PATCH http://testserver/api/shipments/SCM-OWN1 "HTTP/1.1 200 OK"
2026-05-20 18:34:36,893 - backend.database.mongo - INFO - closing MongoDB connection
2026-05-20 18:34:36,909 - backend.routes.shipment_routes - INFO - shipment deletion requested
2026-05-20 18:34:36,909 - scmxpertlite.request - INFO - request completed
2026-05-20 18:34:36,909 - httpx - INFO - HTTP Request: DELETE http://testserver/api/shipments/SCM-OWN1 "HTTP/1.1 200 OK"
2026-05-20 18:34:36,909 - backend.database.mongo - INFO - closing MongoDB connection
2026-05-20 18:34:36,919 - main - WARNING - application startup completed with degraded database state
2026-05-20 18:34:36,919 - scmxpertlite.request - INFO - request completed
2026-05-20 18:34:36,919 - httpx - INFO - HTTP Request: GET http://testserver/ "HTTP/1.1 200 OK"
2026-05-20 18:34:38,656 - backend.database.mongo - INFO - database connection check succeeded
2026-05-20 18:34:38,656 - backend.database.mongo - INFO - database health check returned up
2026-05-20 18:34:38,657 - scmxpertlite.request - INFO - request completed
2026-05-20 18:34:38,657 - httpx - INFO - HTTP Request: GET http://testserver/health "HTTP/1.1 200 OK"
2026-05-20 18:34:38,658 - backend.database.mongo - INFO - closing MongoDB connection
2026-05-20 18:34:38,822 - backend.routes.auth.user_auth_routes - INFO - signup requested
2026-05-20 18:34:38,822 - backend.routes.auth.user_auth_routes - INFO - signup completed
2026-05-20 18:34:38,822 - scmxpertlite.request - INFO - request completed
2026-05-20 18:34:38,822 - httpx - INFO - HTTP Request: POST http://testserver/api/auth/signup "HTTP/1.1 201 Created"
2026-05-20 18:34:38,822 - backend.database.mongo - INFO - closing MongoDB connection
2026-05-20 18:34:38,833 - backend.routes.auth.user_auth_routes - INFO - signup requested
2026-05-20 18:34:38,833 - backend.routes.auth.user_auth_routes - WARNING - signup rejected by validation or business rule
2026-05-20 18:34:38,833 - scmxpertlite.request - INFO - request completed
2026-05-20 18:34:38,837 - httpx - INFO - HTTP Request: POST http://testserver/api/auth/signup "HTTP/1.1 409 Conflict"
2026-05-20 18:34:38,837 - backend.database.mongo - INFO - closing MongoDB connection
2026-05-20 18:34:38,842 - scmxpertlite.request - INFO - request completed
2026-05-20 18:34:38,842 - httpx - INFO - HTTP Request: POST http://testserver/api/auth/signup "HTTP/1.1 422 Unprocessable Entity"
2026-05-20 18:34:38,842 - backend.database.mongo - INFO - closing MongoDB connection
2026-05-20 18:34:38,857 - backend.routes.auth.user_auth_routes - INFO - oauth token requested
2026-05-20 18:34:38,857 - backend.routes.auth.user_auth_routes - INFO - oauth token issued
2026-05-20 18:34:38,857 - scmxpertlite.request - INFO - request completed
2026-05-20 18:34:38,857 - httpx - INFO - HTTP Request: POST http://testserver/api/auth/token "HTTP/1.1 200 OK"
2026-05-20 18:34:38,857 - backend.database.mongo - INFO - closing MongoDB connection
2026-05-20 18:34:38,863 - backend.database.mongo - INFO - preparing database indexes
2026-05-20 18:34:38,863 - backend.database.mongo - INFO - database indexes prepared successfully
2026-05-20 18:34:56,945 - backend.database.mongo - INFO - preparing database indexes
2026-05-20 18:34:57,906 - backend.database.mongo - INFO - database connection check succeeded
2026-05-20 18:34:58,367 - backend.database.mongo - INFO - database indexes prepared successfully
2026-05-20 18:34:58,407 - backend.database.mongo - INFO - default admin seed skipped because admin already exists
2026-05-20 18:34:58,408 - backend.database.mongo - INFO - closing MongoDB connection
2026-05-20 18:35:28,052 - backend.database.mongo - INFO - preparing database indexes
2026-05-20 18:35:28,720 - backend.database.mongo - INFO - database connection check succeeded
2026-05-20 18:35:29,132 - backend.database.mongo - INFO - database indexes prepared successfully
2026-05-20 18:35:29,155 - backend.database.mongo - INFO - default admin seed skipped because admin already exists
2026-05-20 18:39:09,875 - scmxpertlite.request - INFO - request completed
2026-05-20 18:39:09,875 - httpx - INFO - HTTP Request: GET http://testserver/api/admin/users "HTTP/1.1 403 Forbidden"
2026-05-20 18:39:09,875 - backend.database.mongo - INFO - closing MongoDB connection
2026-05-20 18:39:09,880 - backend.routes.auth.admin_auth_routes - INFO - admin user list requested
2026-05-20 18:39:09,893 - scmxpertlite.request - INFO - request completed
2026-05-20 18:39:09,893 - httpx - INFO - HTTP Request: GET http://testserver/api/admin/users "HTTP/1.1 200 OK"
2026-05-20 18:39:09,893 - backend.database.mongo - INFO - closing MongoDB connection
2026-05-20 18:39:11,232 - backend.routes.device_routes - INFO - device creation requested
2026-05-20 18:39:11,232 - backend.routes.device_routes - INFO - device created successfully
2026-05-20 18:39:11,232 - scmxpertlite.request - INFO - request completed
2026-05-20 18:39:11,232 - httpx - INFO - HTTP Request: POST http://testserver/api/devices "HTTP/1.1 201 Created"
2026-05-20 18:39:11,232 - backend.database.mongo - INFO - closing MongoDB connection
2026-05-20 18:39:11,249 - backend.routes.device_routes - INFO - device creation requested
2026-05-20 18:39:11,249 - backend.routes.device_routes - WARNING - device creation rejected due to duplicate device id
2026-05-20 18:39:11,249 - scmxpertlite.request - INFO - request completed
2026-05-20 18:39:11,249 - httpx - INFO - HTTP Request: POST http://testserver/api/devices "HTTP/1.1 409 Conflict"
2026-05-20 18:39:11,249 - backend.database.mongo - INFO - closing MongoDB connection
2026-05-20 18:39:11,255 - backend.routes.device_routes - INFO - device list requested
2026-05-20 18:39:11,255 - scmxpertlite.request - INFO - request completed
2026-05-20 18:39:11,255 - httpx - INFO - HTTP Request: GET http://testserver/api/devices "HTTP/1.1 200 OK"
2026-05-20 18:39:11,255 - backend.database.mongo - INFO - closing MongoDB connection
2026-05-20 18:39:11,267 - backend.routes.device_routes - INFO - device lookup requested
2026-05-20 18:39:11,267 - scmxpertlite.request - INFO - request completed
2026-05-20 18:39:11,267 - httpx - INFO - HTTP Request: GET http://testserver/api/devices/DEV-001 "HTTP/1.1 200 OK"
2026-05-20 18:39:11,267 - backend.database.mongo - INFO - closing MongoDB connection
2026-05-20 18:39:11,273 - backend.routes.device_routes - INFO - device update requested
2026-05-20 18:39:11,273 - scmxpertlite.request - INFO - request completed
2026-05-20 18:39:11,273 - httpx - INFO - HTTP Request: PATCH http://testserver/api/devices/DEV-001 "HTTP/1.1 200 OK"
2026-05-20 18:39:11,273 - backend.database.mongo - INFO - closing MongoDB connection
2026-05-20 18:39:11,282 - backend.routes.device_routes - INFO - device deletion requested
2026-05-20 18:39:11,282 - scmxpertlite.request - INFO - request completed
2026-05-20 18:39:11,282 - httpx - INFO - HTTP Request: DELETE http://testserver/api/devices/DEV-001 "HTTP/1.1 200 OK"
2026-05-20 18:39:11,282 - backend.database.mongo - INFO - closing MongoDB connection
2026-05-20 18:39:11,282 - backend.routes.shipment_routes - INFO - shipment creation requested
2026-05-20 18:39:11,282 - backend.routes.shipment_routes - INFO - shipment created successfully
2026-05-20 18:39:11,282 - scmxpertlite.request - INFO - request completed
2026-05-20 18:39:11,282 - httpx - INFO - HTTP Request: POST http://testserver/api/shipments "HTTP/1.1 201 Created"
2026-05-20 18:39:11,282 - backend.database.mongo - INFO - closing MongoDB connection
2026-05-20 18:39:11,295 - scmxpertlite.request - INFO - request completed
2026-05-20 18:39:11,295 - httpx - INFO - HTTP Request: POST http://testserver/api/shipments "HTTP/1.1 422 Unprocessable Entity"
2026-05-20 18:39:11,295 - backend.database.mongo - INFO - closing MongoDB connection
2026-05-20 18:39:11,306 - backend.routes.shipment_routes - INFO - shipment list requested
2026-05-20 18:39:11,306 - scmxpertlite.request - INFO - request completed
2026-05-20 18:39:11,306 - httpx - INFO - HTTP Request: GET http://testserver/api/shipments "HTTP/1.1 200 OK"
2026-05-20 18:39:11,306 - backend.database.mongo - INFO - closing MongoDB connection
2026-05-20 18:39:11,313 - backend.routes.shipment_routes - INFO - shipment lookup requested
2026-05-20 18:39:11,313 - scmxpertlite.request - INFO - request completed
2026-05-20 18:39:11,313 - httpx - INFO - HTTP Request: GET http://testserver/api/shipments/SCM-OWN1 "HTTP/1.1 200 OK"
2026-05-20 18:39:11,313 - backend.database.mongo - INFO - closing MongoDB connection
2026-05-20 18:39:11,313 - backend.routes.shipment_routes - INFO - shipment update requested
2026-05-20 18:39:11,313 - scmxpertlite.request - INFO - request completed
2026-05-20 18:39:11,313 - httpx - INFO - HTTP Request: PATCH http://testserver/api/shipments/SCM-OWN1 "HTTP/1.1 200 OK"
2026-05-20 18:39:11,313 - backend.database.mongo - INFO - closing MongoDB connection
2026-05-20 18:39:11,332 - backend.routes.shipment_routes - INFO - shipment deletion requested
2026-05-20 18:39:11,332 - scmxpertlite.request - INFO - request completed
2026-05-20 18:39:11,334 - httpx - INFO - HTTP Request: DELETE http://testserver/api/shipments/SCM-OWN1 "HTTP/1.1 200 OK"
2026-05-20 18:39:11,334 - backend.database.mongo - INFO - closing MongoDB connection
2026-05-20 18:39:11,338 - main - WARNING - application startup completed with degraded database state
2026-05-20 18:39:11,338 - scmxpertlite.request - INFO - request completed
2026-05-20 18:39:11,343 - httpx - INFO - HTTP Request: GET http://testserver/ "HTTP/1.1 200 OK"
2026-05-20 18:39:12,321 - backend.database.mongo - INFO - database connection check succeeded
2026-05-20 18:39:12,321 - backend.database.mongo - INFO - database health check returned up
2026-05-20 18:39:12,321 - scmxpertlite.request - INFO - request completed
2026-05-20 18:39:12,321 - httpx - INFO - HTTP Request: GET http://testserver/health "HTTP/1.1 200 OK"
2026-05-20 18:39:12,321 - backend.database.mongo - INFO - closing MongoDB connection
2026-05-20 18:39:12,383 - backend.routes.auth.user_auth_routes - INFO - signup requested
2026-05-20 18:39:12,383 - backend.routes.auth.user_auth_routes - INFO - signup completed
2026-05-20 18:39:12,383 - scmxpertlite.request - INFO - request completed
2026-05-20 18:39:12,384 - httpx - INFO - HTTP Request: POST http://testserver/api/auth/signup "HTTP/1.1 201 Created"
2026-05-20 18:39:12,384 - backend.database.mongo - INFO - closing MongoDB connection
2026-05-20 18:39:12,389 - backend.routes.auth.user_auth_routes - INFO - signup requested
2026-05-20 18:39:12,389 - backend.routes.auth.user_auth_routes - WARNING - signup rejected by validation or business rule
2026-05-20 18:39:12,389 - scmxpertlite.request - INFO - request completed
2026-05-20 18:39:12,389 - httpx - INFO - HTTP Request: POST http://testserver/api/auth/signup "HTTP/1.1 409 Conflict"
2026-05-20 18:39:12,389 - backend.database.mongo - INFO - closing MongoDB connection
2026-05-20 18:39:12,389 - scmxpertlite.request - INFO - request completed
2026-05-20 18:39:12,389 - httpx - INFO - HTTP Request: POST http://testserver/api/auth/signup "HTTP/1.1 422 Unprocessable Entity"
2026-05-20 18:39:12,389 - backend.database.mongo - INFO - closing MongoDB connection
2026-05-20 18:39:12,406 - backend.routes.auth.user_auth_routes - INFO - oauth token requested
2026-05-20 18:39:12,406 - backend.routes.auth.user_auth_routes - INFO - oauth token issued
2026-05-20 18:39:12,413 - scmxpertlite.request - INFO - request completed
2026-05-20 18:39:12,413 - httpx - INFO - HTTP Request: POST http://testserver/api/auth/token "HTTP/1.1 200 OK"
2026-05-20 18:39:12,413 - backend.database.mongo - INFO - closing MongoDB connection
2026-05-20 18:39:12,417 - backend.database.mongo - INFO - preparing database indexes
2026-05-20 18:39:12,417 - backend.database.mongo - INFO - database indexes prepared successfully
2026-05-20 18:42:36,594 - backend.database.mongo - INFO - preparing database indexes
2026-05-20 18:42:38,255 - backend.database.mongo - INFO - database connection check succeeded
2026-05-20 18:42:39,104 - backend.database.mongo - INFO - database indexes prepared successfully
2026-05-20 18:42:39,139 - backend.database.mongo - INFO - default admin seed skipped because admin already exists
2026-05-20 18:42:39,139 - backend.database.mongo - INFO - closing MongoDB connection
2026-05-20 19:43:00,822 - backend.database.mongo - INFO - preparing database indexes
2026-05-20 19:43:02,535 - backend.database.mongo - INFO - database connection check succeeded
2026-05-20 19:43:02,923 - backend.database.mongo - INFO - database indexes prepared successfully
2026-05-20 19:43:02,970 - backend.database.mongo - INFO - default admin seed skipped because admin already exists
2026-05-21 11:21:38,551 - scmxpertlite.request - INFO - request completed
2026-05-21 11:21:40,147 - scmxpertlite.request - INFO - request completed
2026-05-21 12:48:09,283 - backend.routes.shipment_routes - INFO - shipment creation requested
2026-05-21 12:48:09,283 - backend.routes.shipment_routes - INFO - shipment created successfully
2026-05-21 12:48:09,283 - scmxpertlite.request - INFO - request completed
2026-05-21 12:48:09,283 - httpx - INFO - HTTP Request: POST http://testserver/api/shipments "HTTP/1.1 201 Created"
2026-05-21 12:48:09,283 - backend.database.mongo - INFO - closing MongoDB connection
2026-05-21 12:48:09,294 - scmxpertlite.request - INFO - request completed
2026-05-21 12:48:09,294 - httpx - INFO - HTTP Request: POST http://testserver/api/shipments "HTTP/1.1 422 Unprocessable Entity"
2026-05-21 12:48:09,294 - backend.database.mongo - INFO - closing MongoDB connection
2026-05-21 12:48:09,299 - backend.routes.shipment_routes - INFO - shipment list requested
2026-05-21 12:48:09,303 - scmxpertlite.request - INFO - request completed
2026-05-21 12:48:09,303 - httpx - INFO - HTTP Request: GET http://testserver/api/shipments "HTTP/1.1 200 OK"
2026-05-21 12:48:09,303 - backend.database.mongo - INFO - closing MongoDB connection
2026-05-21 12:48:09,306 - backend.routes.shipment_routes - INFO - shipment lookup requested
2026-05-21 12:48:09,306 - scmxpertlite.request - INFO - request completed
2026-05-21 12:48:09,306 - httpx - INFO - HTTP Request: GET http://testserver/api/shipments/SCM-OWN1 "HTTP/1.1 200 OK"
2026-05-21 12:48:09,306 - backend.database.mongo - INFO - closing MongoDB connection
2026-05-21 12:48:09,306 - backend.routes.shipment_routes - INFO - shipment update requested
2026-05-21 12:48:09,314 - scmxpertlite.request - INFO - request completed
2026-05-21 12:48:09,314 - httpx - INFO - HTTP Request: PATCH http://testserver/api/shipments/SCM-OWN1 "HTTP/1.1 200 OK"
2026-05-21 12:48:09,314 - backend.database.mongo - INFO - closing MongoDB connection
2026-05-21 12:48:09,314 - backend.routes.shipment_routes - INFO - shipment deletion requested
2026-05-21 12:48:09,314 - scmxpertlite.request - INFO - request completed
2026-05-21 12:48:09,314 - httpx - INFO - HTTP Request: DELETE http://testserver/api/shipments/SCM-OWN1 "HTTP/1.1 200 OK"
2026-05-21 12:48:09,314 - backend.database.mongo - INFO - closing MongoDB connection
2026-05-21 12:48:21,666 - backend.routes.shipment_routes - INFO - shipment creation requested
2026-05-21 12:48:21,666 - backend.routes.shipment_routes - INFO - shipment created successfully
2026-05-21 12:48:21,667 - scmxpertlite.request - INFO - request completed
2026-05-21 12:48:21,667 - httpx - INFO - HTTP Request: POST http://testserver/api/shipments "HTTP/1.1 201 Created"
2026-05-21 12:48:21,668 - backend.database.mongo - INFO - closing MongoDB connection
2026-05-21 12:48:21,674 - scmxpertlite.request - INFO - request completed
2026-05-21 12:48:21,674 - httpx - INFO - HTTP Request: POST http://testserver/api/shipments "HTTP/1.1 422 Unprocessable Entity"
2026-05-21 12:48:21,675 - backend.database.mongo - INFO - closing MongoDB connection
2026-05-21 12:48:21,682 - backend.routes.shipment_routes - INFO - shipment list requested
2026-05-21 12:48:21,682 - scmxpertlite.request - INFO - request completed
2026-05-21 12:48:21,685 - httpx - INFO - HTTP Request: GET http://testserver/api/shipments "HTTP/1.1 200 OK"
2026-05-21 12:48:21,685 - backend.database.mongo - INFO - closing MongoDB connection
2026-05-21 12:48:21,690 - backend.routes.shipment_routes - INFO - shipment lookup requested
2026-05-21 12:48:21,690 - scmxpertlite.request - INFO - request completed
2026-05-21 12:48:21,690 - httpx - INFO - HTTP Request: GET http://testserver/api/shipments/SCM-OWN1 "HTTP/1.1 200 OK"
2026-05-21 12:48:21,690 - backend.database.mongo - INFO - closing MongoDB connection
2026-05-21 12:48:21,690 - backend.routes.shipment_routes - INFO - shipment update requested
2026-05-21 12:48:21,697 - scmxpertlite.request - INFO - request completed
2026-05-21 12:48:21,697 - httpx - INFO - HTTP Request: PATCH http://testserver/api/shipments/SCM-OWN1 "HTTP/1.1 200 OK"
2026-05-21 12:48:21,698 - backend.database.mongo - INFO - closing MongoDB connection
2026-05-21 12:48:21,703 - backend.routes.shipment_routes - INFO - shipment deletion requested
2026-05-21 12:48:21,703 - scmxpertlite.request - INFO - request completed
2026-05-21 12:48:21,703 - httpx - INFO - HTTP Request: DELETE http://testserver/api/shipments/SCM-OWN1 "HTTP/1.1 200 OK"
2026-05-21 12:48:21,705 - backend.database.mongo - INFO - closing MongoDB connection
2026-05-21 12:54:41,713 - scmxpertlite.request - INFO - request completed
2026-05-21 12:54:41,714 - httpx - INFO - HTTP Request: GET http://testserver/api/admin/users "HTTP/1.1 403 Forbidden"
2026-05-21 12:54:41,715 - backend.database.mongo - INFO - closing MongoDB connection
2026-05-21 12:54:41,720 - backend.routes.auth.admin_auth_routes - INFO - admin user list requested
2026-05-21 12:54:41,724 - scmxpertlite.request - INFO - request completed
2026-05-21 12:54:41,724 - httpx - INFO - HTTP Request: GET http://testserver/api/admin/users "HTTP/1.1 200 OK"
2026-05-21 12:54:41,726 - backend.database.mongo - INFO - closing MongoDB connection
2026-05-21 12:54:42,596 - backend.routes.device_routes - INFO - device creation requested
2026-05-21 12:54:42,596 - backend.routes.device_routes - INFO - device created successfully
2026-05-21 12:54:42,596 - scmxpertlite.request - INFO - request completed
2026-05-21 12:54:42,596 - httpx - INFO - HTTP Request: POST http://testserver/api/devices "HTTP/1.1 201 Created"
2026-05-21 12:54:42,596 - backend.database.mongo - INFO - closing MongoDB connection
2026-05-21 12:54:42,601 - backend.routes.device_routes - INFO - device creation requested
2026-05-21 12:54:42,601 - backend.routes.device_routes - WARNING - device creation rejected due to duplicate device id
2026-05-21 12:54:42,601 - scmxpertlite.request - INFO - request completed
2026-05-21 12:54:42,601 - httpx - INFO - HTTP Request: POST http://testserver/api/devices "HTTP/1.1 409 Conflict"
2026-05-21 12:54:42,601 - backend.database.mongo - INFO - closing MongoDB connection
2026-05-21 12:54:42,601 - backend.routes.device_routes - INFO - device list requested
2026-05-21 12:54:42,601 - scmxpertlite.request - INFO - request completed
2026-05-21 12:54:42,601 - httpx - INFO - HTTP Request: GET http://testserver/api/devices "HTTP/1.1 200 OK"
2026-05-21 12:54:42,601 - backend.database.mongo - INFO - closing MongoDB connection
2026-05-21 12:54:42,610 - backend.routes.device_routes - INFO - device lookup requested
2026-05-21 12:54:42,610 - scmxpertlite.request - INFO - request completed
2026-05-21 12:54:42,610 - httpx - INFO - HTTP Request: GET http://testserver/api/devices/DEV-001 "HTTP/1.1 200 OK"
2026-05-21 12:54:42,610 - backend.database.mongo - INFO - closing MongoDB connection
2026-05-21 12:54:42,610 - backend.routes.device_routes - INFO - device update requested
2026-05-21 12:54:42,610 - scmxpertlite.request - INFO - request completed
2026-05-21 12:54:42,610 - httpx - INFO - HTTP Request: PATCH http://testserver/api/devices/DEV-001 "HTTP/1.1 200 OK"
2026-05-21 12:54:42,610 - backend.database.mongo - INFO - closing MongoDB connection
2026-05-21 12:54:42,610 - backend.routes.device_routes - INFO - device deletion requested
2026-05-21 12:54:42,610 - scmxpertlite.request - INFO - request completed
2026-05-21 12:54:42,610 - httpx - INFO - HTTP Request: DELETE http://testserver/api/devices/DEV-001 "HTTP/1.1 200 OK"
2026-05-21 12:54:42,610 - backend.database.mongo - INFO - closing MongoDB connection
2026-05-21 12:54:42,628 - backend.routes.shipment_routes - INFO - shipment creation requested
2026-05-21 12:54:42,628 - backend.routes.shipment_routes - INFO - shipment created successfully
2026-05-21 12:54:42,628 - scmxpertlite.request - INFO - request completed
2026-05-21 12:54:42,630 - httpx - INFO - HTTP Request: POST http://testserver/api/shipments "HTTP/1.1 201 Created"
2026-05-21 12:54:42,630 - backend.database.mongo - INFO - closing MongoDB connection
2026-05-21 12:54:42,634 - scmxpertlite.request - INFO - request completed
2026-05-21 12:54:42,634 - httpx - INFO - HTTP Request: POST http://testserver/api/shipments "HTTP/1.1 422 Unprocessable Entity"
2026-05-21 12:54:42,634 - backend.database.mongo - INFO - closing MongoDB connection
2026-05-21 12:54:42,638 - backend.routes.shipment_routes - INFO - shipment list requested
2026-05-21 12:54:42,638 - scmxpertlite.request - INFO - request completed
2026-05-21 12:54:42,638 - httpx - INFO - HTTP Request: GET http://testserver/api/shipments "HTTP/1.1 200 OK"
2026-05-21 12:54:42,638 - backend.database.mongo - INFO - closing MongoDB connection
2026-05-21 12:54:42,641 - backend.routes.shipment_routes - INFO - shipment lookup requested
2026-05-21 12:54:42,641 - scmxpertlite.request - INFO - request completed
2026-05-21 12:54:42,641 - httpx - INFO - HTTP Request: GET http://testserver/api/shipments/SCM-OWN1 "HTTP/1.1 200 OK"
2026-05-21 12:54:42,641 - backend.database.mongo - INFO - closing MongoDB connection
2026-05-21 12:54:42,649 - backend.routes.shipment_routes - INFO - shipment update requested
2026-05-21 12:54:42,649 - scmxpertlite.request - INFO - request completed
2026-05-21 12:54:42,649 - httpx - INFO - HTTP Request: PATCH http://testserver/api/shipments/SCM-OWN1 "HTTP/1.1 200 OK"
2026-05-21 12:54:42,651 - backend.database.mongo - INFO - closing MongoDB connection
2026-05-21 12:54:42,651 - backend.routes.shipment_routes - INFO - shipment deletion requested
2026-05-21 12:54:42,651 - scmxpertlite.request - INFO - request completed
2026-05-21 12:54:42,651 - httpx - INFO - HTTP Request: DELETE http://testserver/api/shipments/SCM-OWN1 "HTTP/1.1 200 OK"
2026-05-21 12:54:42,657 - backend.database.mongo - INFO - closing MongoDB connection
2026-05-21 12:54:42,660 - main - WARNING - application startup completed with degraded database state
2026-05-21 12:54:42,660 - scmxpertlite.request - INFO - request completed
2026-05-21 12:54:42,660 - httpx - INFO - HTTP Request: GET http://testserver/ "HTTP/1.1 200 OK"
2026-05-21 12:55:04,066 - backend.database.mongo - ERROR - database connection check failed
Traceback (most recent call last):
  File "C:\Users\Keerthi Sayani\AppData\Roaming\Python\Python311\site-packages\pymongo\synchronous\srv_resolver.py", line 108, in _resolve_uri
    results = _resolve(
              ^^^^^^^^^
  File "C:\Users\Keerthi Sayani\AppData\Roaming\Python\Python311\site-packages\pymongo\synchronous\srv_resolver.py", line 53, in _resolve
    return resolver.resolve(*args, **kwargs)
           ^^^^^^^^^^^^^^^^^^^^^^^^^^^^^^^^^
  File "C:\Users\Keerthi Sayani\AppData\Roaming\Python\Python311\site-packages\dns\resolver.py", line 1572, in resolve
    return get_default_resolver().resolve(
           ^^^^^^^^^^^^^^^^^^^^^^^^^^^^^^^
  File "C:\Users\Keerthi Sayani\AppData\Roaming\Python\Python311\site-packages\dns\resolver.py", line 1328, in resolve
    timeout = self._compute_timeout(start, lifetime, resolution.errors)
              ^^^^^^^^^^^^^^^^^^^^^^^^^^^^^^^^^^^^^^^^^^^^^^^^^^^^^^^^^
  File "C:\Users\Keerthi Sayani\AppData\Roaming\Python\Python311\site-packages\dns\resolver.py", line 1084, in _compute_timeout
    raise LifetimeTimeout(timeout=duration, errors=errors)
dns.resolver.LifetimeTimeout: The resolution lifetime expired after 21.148 seconds: Server Do53:192.168.1.1@53 answered The DNS operation timed out.; Server Do53:192.168.1.1@53 answered The DNS operation timed out.; Server Do53:192.168.1.1@53 answered The DNS operation timed out.; Server Do53:192.168.1.1@53 answered The DNS operation timed out.; Server Do53:192.168.1.1@53 answered The DNS operation timed out.; Server Do53:192.168.1.1@53 answered The DNS operation timed out.; Server Do53:192.168.1.1@53 answered The DNS operation timed out.

The above exception was the direct cause of the following exception:

Traceback (most recent call last):
  File "C:\Users\Keerthi Sayani\OneDrive\Documents\SCM project_exafluence\backend\database\mongo.py", line 36, in check_database_connection
    await database.command("dbStats")
  File "C:\Program Files\Python311\Lib\concurrent\futures\thread.py", line 58, in run
    result = self.fn(*self.args, **self.kwargs)
             ^^^^^^^^^^^^^^^^^^^^^^^^^^^^^^^^^^
  File "C:\Users\Keerthi Sayani\AppData\Roaming\Python\Python311\site-packages\pymongo\_csot.py", line 125, in csot_wrapper
    return func(self, *args, **kwargs)
           ^^^^^^^^^^^^^^^^^^^^^^^^^^^
  File "C:\Users\Keerthi Sayani\AppData\Roaming\Python\Python311\site-packages\pymongo\synchronous\database.py", line 934, in command
    with self._client._conn_for_reads(read_preference, session, operation=command_name) as (
         ^^^^^^^^^^^^^^^^^^^^^^^^^^^^^^^^^^^^^^^^^^^^^^^^^^^^^^^^^^^^^^^^^^^^^^^^^^^^^^
  File "C:\Users\Keerthi Sayani\AppData\Roaming\Python\Python311\site-packages\pymongo\synchronous\mongo_client.py", line 1885, in _conn_for_reads
    server = self._select_server(read_preference, session, operation)
             ^^^^^^^^^^^^^^^^^^^^^^^^^^^^^^^^^^^^^^^^^^^^^^^^^^^^^^^^
  File "C:\Users\Keerthi Sayani\AppData\Roaming\Python\Python311\site-packages\pymongo\synchronous\mongo_client.py", line 1820, in _select_server
    topology = self._get_topology()
               ^^^^^^^^^^^^^^^^^^^^
  File "C:\Users\Keerthi Sayani\AppData\Roaming\Python\Python311\site-packages\pymongo\synchronous\mongo_client.py", line 1758, in _get_topology
    self._resolve_srv()
  File "C:\Users\Keerthi Sayani\AppData\Roaming\Python\Python311\site-packages\pymongo\synchronous\mongo_client.py", line 910, in _resolve_srv
    res = uri_parser._parse_srv(
          ^^^^^^^^^^^^^^^^^^^^^^
  File "C:\Users\Keerthi Sayani\AppData\Roaming\Python\Python311\site-packages\pymongo\synchronous\uri_parser.py", line 168, in _parse_srv
    nodes = dns_resolver.get_hosts()
            ^^^^^^^^^^^^^^^^^^^^^^^^
  File "C:\Users\Keerthi Sayani\AppData\Roaming\Python\Python311\site-packages\pymongo\synchronous\srv_resolver.py", line 148, in get_hosts
    _, nodes = self._get_srv_response_and_hosts(True)
               ^^^^^^^^^^^^^^^^^^^^^^^^^^^^^^^^^^^^^^
  File "C:\Users\Keerthi Sayani\AppData\Roaming\Python\Python311\site-packages\pymongo\synchronous\srv_resolver.py", line 122, in _get_srv_response_and_hosts
    results = self._resolve_uri(encapsulate_errors)
              ^^^^^^^^^^^^^^^^^^^^^^^^^^^^^^^^^^^^^
  File "C:\Users\Keerthi Sayani\AppData\Roaming\Python\Python311\site-packages\pymongo\synchronous\srv_resolver.py", line 116, in _resolve_uri
    raise ConfigurationError(str(exc)) from exc
pymongo.errors.ConfigurationError: The resolution lifetime expired after 21.148 seconds: Server Do53:192.168.1.1@53 answered The DNS operation timed out.; Server Do53:192.168.1.1@53 answered The DNS operation timed out.; Server Do53:192.168.1.1@53 answered The DNS operation timed out.; Server Do53:192.168.1.1@53 answered The DNS operation timed out.; Server Do53:192.168.1.1@53 answered The DNS operation timed out.; Server Do53:192.168.1.1@53 answered The DNS operation timed out.; Server Do53:192.168.1.1@53 answered The DNS operation timed out.
2026-05-21 12:55:04,139 - backend.database.mongo - WARNING - database health check returned down
2026-05-21 12:55:04,139 - scmxpertlite.request - INFO - request completed
2026-05-21 12:55:04,139 - httpx - INFO - HTTP Request: GET http://testserver/health "HTTP/1.1 200 OK"
2026-05-21 12:55:04,139 - backend.database.mongo - INFO - closing MongoDB connection
2026-05-21 12:55:04,151 - backend.routes.auth.user_auth_routes - INFO - signup requested
2026-05-21 12:55:04,154 - backend.routes.auth.user_auth_routes - INFO - signup completed
2026-05-21 12:55:04,154 - scmxpertlite.request - INFO - request completed
2026-05-21 12:55:04,154 - httpx - INFO - HTTP Request: POST http://testserver/api/auth/signup "HTTP/1.1 201 Created"
2026-05-21 12:55:04,154 - backend.database.mongo - INFO - closing MongoDB connection
2026-05-21 12:55:04,161 - backend.routes.auth.user_auth_routes - INFO - signup requested
2026-05-21 12:55:04,161 - backend.routes.auth.user_auth_routes - WARNING - signup rejected by validation or business rule
2026-05-21 12:55:04,161 - scmxpertlite.request - INFO - request completed
2026-05-21 12:55:04,162 - httpx - INFO - HTTP Request: POST http://testserver/api/auth/signup "HTTP/1.1 409 Conflict"
2026-05-21 12:55:04,162 - backend.database.mongo - INFO - closing MongoDB connection
2026-05-21 12:55:04,168 - scmxpertlite.request - INFO - request completed
2026-05-21 12:55:04,168 - httpx - INFO - HTTP Request: POST http://testserver/api/auth/signup "HTTP/1.1 422 Unprocessable Entity"
2026-05-21 12:55:04,169 - backend.database.mongo - INFO - closing MongoDB connection
2026-05-21 12:55:04,174 - backend.routes.auth.user_auth_routes - INFO - oauth token requested
2026-05-21 12:55:04,174 - backend.routes.auth.user_auth_routes - INFO - oauth token issued
2026-05-21 12:55:04,174 - scmxpertlite.request - INFO - request completed
2026-05-21 12:55:04,174 - httpx - INFO - HTTP Request: POST http://testserver/api/auth/token "HTTP/1.1 200 OK"
2026-05-21 12:55:04,175 - backend.database.mongo - INFO - closing MongoDB connection
2026-05-21 12:55:04,178 - backend.database.mongo - INFO - preparing database indexes
2026-05-21 12:55:04,178 - backend.database.mongo - INFO - database indexes prepared successfully
2026-05-21 13:11:47,639 - backend.routes.shipment_routes - INFO - shipment creation requested
2026-05-21 13:11:47,639 - backend.routes.shipment_routes - INFO - shipment created successfully
2026-05-21 13:11:47,639 - scmxpertlite.request - INFO - request completed
2026-05-21 13:11:47,639 - httpx - INFO - HTTP Request: POST http://testserver/api/shipments "HTTP/1.1 201 Created"
2026-05-21 13:11:47,639 - backend.database.mongo - INFO - closing MongoDB connection
2026-05-21 13:11:47,639 - scmxpertlite.request - INFO - request completed
2026-05-21 13:11:47,639 - httpx - INFO - HTTP Request: POST http://testserver/api/shipments "HTTP/1.1 422 Unprocessable Entity"
2026-05-21 13:11:47,639 - backend.database.mongo - INFO - closing MongoDB connection
2026-05-21 13:11:47,655 - backend.routes.shipment_routes - INFO - shipment list requested
2026-05-21 13:11:47,655 - scmxpertlite.request - INFO - request completed
2026-05-21 13:11:47,655 - httpx - INFO - HTTP Request: GET http://testserver/api/shipments "HTTP/1.1 200 OK"
2026-05-21 13:11:47,655 - backend.database.mongo - INFO - closing MongoDB connection
2026-05-21 13:11:47,655 - backend.routes.shipment_routes - INFO - shipment lookup requested
2026-05-21 13:11:47,655 - scmxpertlite.request - INFO - request completed
2026-05-21 13:11:47,655 - httpx - INFO - HTTP Request: GET http://testserver/api/shipments/SCM-OWN1 "HTTP/1.1 200 OK"
2026-05-21 13:11:47,655 - backend.database.mongo - INFO - closing MongoDB connection
2026-05-21 13:11:47,666 - backend.routes.shipment_routes - INFO - shipment update requested
2026-05-21 13:11:47,666 - scmxpertlite.request - INFO - request completed
2026-05-21 13:11:47,671 - httpx - INFO - HTTP Request: PATCH http://testserver/api/shipments/SCM-OWN1 "HTTP/1.1 200 OK"
2026-05-21 13:11:47,671 - backend.database.mongo - INFO - closing MongoDB connection
2026-05-21 13:11:47,671 - backend.routes.shipment_routes - INFO - shipment deletion requested
2026-05-21 13:11:47,671 - scmxpertlite.request - INFO - request completed
2026-05-21 13:11:47,671 - httpx - INFO - HTTP Request: DELETE http://testserver/api/shipments/SCM-OWN1 "HTTP/1.1 200 OK"
2026-05-21 13:11:47,671 - backend.database.mongo - INFO - closing MongoDB connection
2026-05-21 13:14:39,593 - backend.routes.shipment_routes - INFO - shipment creation requested
2026-05-21 13:14:39,593 - backend.routes.shipment_routes - INFO - shipment created successfully
2026-05-21 13:14:39,593 - scmxpertlite.request - INFO - request completed
2026-05-21 13:14:39,594 - httpx - INFO - HTTP Request: POST http://testserver/api/shipments "HTTP/1.1 201 Created"
2026-05-21 13:14:39,595 - backend.database.mongo - INFO - closing MongoDB connection
2026-05-21 13:14:39,595 - scmxpertlite.request - INFO - request completed
2026-05-21 13:14:39,595 - httpx - INFO - HTTP Request: POST http://testserver/api/shipments "HTTP/1.1 422 Unprocessable Entity"
2026-05-21 13:14:39,595 - backend.database.mongo - INFO - closing MongoDB connection
2026-05-21 13:14:39,606 - backend.routes.shipment_routes - INFO - shipment list requested
2026-05-21 13:14:39,606 - scmxpertlite.request - INFO - request completed
2026-05-21 13:14:39,606 - httpx - INFO - HTTP Request: GET http://testserver/api/shipments "HTTP/1.1 200 OK"
2026-05-21 13:14:39,606 - backend.database.mongo - INFO - closing MongoDB connection
2026-05-21 13:14:39,613 - backend.routes.shipment_routes - INFO - shipment lookup requested
2026-05-21 13:14:39,614 - scmxpertlite.request - INFO - request completed
2026-05-21 13:14:39,614 - httpx - INFO - HTTP Request: GET http://testserver/api/shipments/SCM-OWN1 "HTTP/1.1 200 OK"
2026-05-21 13:14:39,615 - backend.database.mongo - INFO - closing MongoDB connection
2026-05-21 13:14:39,621 - backend.routes.shipment_routes - INFO - shipment update requested
2026-05-21 13:14:39,622 - scmxpertlite.request - INFO - request completed
2026-05-21 13:14:39,622 - httpx - INFO - HTTP Request: PATCH http://testserver/api/shipments/SCM-OWN1 "HTTP/1.1 200 OK"
2026-05-21 13:14:39,622 - backend.database.mongo - INFO - closing MongoDB connection
2026-05-21 13:14:39,627 - backend.routes.shipment_routes - INFO - shipment deletion requested
2026-05-21 13:14:39,628 - scmxpertlite.request - INFO - request completed
2026-05-21 13:14:39,628 - httpx - INFO - HTTP Request: DELETE http://testserver/api/shipments/SCM-OWN1 "HTTP/1.1 200 OK"
2026-05-21 13:14:39,628 - backend.database.mongo - INFO - closing MongoDB connection
2026-05-21 15:08:19,523 - backend.routes.shipment_routes - INFO - shipment creation requested
2026-05-21 15:08:19,523 - backend.routes.shipment_routes - INFO - shipment created successfully
2026-05-21 15:08:19,523 - scmxpertlite.request - INFO - request completed
2026-05-21 15:08:19,525 - httpx - INFO - HTTP Request: POST http://testserver/api/shipments "HTTP/1.1 201 Created"
2026-05-21 15:08:19,525 - backend.database.mongo - INFO - closing MongoDB connection
2026-05-21 15:08:19,525 - backend.routes.auth.user_auth_routes - INFO - signup requested
2026-05-21 15:08:19,525 - backend.routes.auth.user_auth_routes - INFO - signup completed
2026-05-21 15:08:19,525 - scmxpertlite.request - INFO - request completed
2026-05-21 15:08:19,529 - httpx - INFO - HTTP Request: POST http://testserver/api/auth/signup "HTTP/1.1 201 Created"
2026-05-21 15:08:19,529 - backend.database.mongo - INFO - closing MongoDB connection
2026-05-21 15:08:19,531 - scmxpertlite.request - INFO - request completed
2026-05-21 15:08:19,533 - httpx - INFO - HTTP Request: POST http://testserver/api/shipments "HTTP/1.1 422 Unprocessable Entity"
2026-05-21 15:08:19,533 - backend.database.mongo - INFO - closing MongoDB connection
2026-05-21 15:08:19,535 - backend.routes.auth.user_auth_routes - INFO - signup requested
2026-05-21 15:08:19,535 - backend.routes.auth.user_auth_routes - WARNING - signup rejected by validation or business rule
2026-05-21 15:08:19,535 - scmxpertlite.request - INFO - request completed
2026-05-21 15:08:19,535 - httpx - INFO - HTTP Request: POST http://testserver/api/auth/signup "HTTP/1.1 409 Conflict"
2026-05-21 15:08:19,537 - backend.database.mongo - INFO - closing MongoDB connection
2026-05-21 15:08:19,537 - backend.routes.shipment_routes - INFO - shipment list requested
2026-05-21 15:08:19,537 - scmxpertlite.request - INFO - request completed
2026-05-21 15:08:19,537 - httpx - INFO - HTTP Request: GET http://testserver/api/shipments "HTTP/1.1 200 OK"
2026-05-21 15:08:19,539 - backend.database.mongo - INFO - closing MongoDB connection
2026-05-21 15:08:19,541 - scmxpertlite.request - INFO - request completed
2026-05-21 15:08:19,541 - httpx - INFO - HTTP Request: POST http://testserver/api/auth/signup "HTTP/1.1 422 Unprocessable Entity"
2026-05-21 15:08:19,541 - backend.database.mongo - INFO - closing MongoDB connection
2026-05-21 15:08:19,541 - backend.routes.shipment_routes - INFO - shipment lookup requested
2026-05-21 15:08:19,541 - scmxpertlite.request - INFO - request completed
2026-05-21 15:08:19,541 - httpx - INFO - HTTP Request: GET http://testserver/api/shipments/SCM-OWN1 "HTTP/1.1 200 OK"
2026-05-21 15:08:19,541 - backend.database.mongo - INFO - closing MongoDB connection
2026-05-21 15:08:19,541 - backend.routes.shipment_routes - INFO - shipment update requested
2026-05-21 15:08:19,541 - scmxpertlite.request - INFO - request completed
2026-05-21 15:08:19,541 - httpx - INFO - HTTP Request: PATCH http://testserver/api/shipments/SCM-OWN1 "HTTP/1.1 200 OK"
2026-05-21 15:08:19,541 - backend.routes.auth.user_auth_routes - INFO - oauth token requested
2026-05-21 15:08:19,541 - backend.routes.auth.user_auth_routes - INFO - oauth token issued
2026-05-21 15:08:19,541 - scmxpertlite.request - INFO - request completed
2026-05-21 15:08:19,541 - backend.database.mongo - INFO - closing MongoDB connection
2026-05-21 15:08:19,541 - httpx - INFO - HTTP Request: POST http://testserver/api/auth/token "HTTP/1.1 200 OK"
2026-05-21 15:08:19,541 - backend.database.mongo - INFO - closing MongoDB connection
2026-05-21 15:08:19,554 - backend.database.mongo - INFO - preparing database indexes
2026-05-21 15:08:19,554 - backend.database.mongo - INFO - database indexes prepared successfully
2026-05-21 15:08:19,557 - backend.routes.shipment_routes - INFO - shipment deletion requested
2026-05-21 15:08:19,557 - scmxpertlite.request - INFO - request completed
2026-05-21 15:08:19,557 - httpx - INFO - HTTP Request: DELETE http://testserver/api/shipments/SCM-OWN1 "HTTP/1.1 200 OK"
2026-05-21 15:08:19,557 - backend.database.mongo - INFO - closing MongoDB connection
2026-05-21 17:32:32,294 - backend.database.mongo - INFO - preparing database indexes
2026-05-21 17:32:33,842 - backend.database.mongo - INFO - database connection check succeeded
2026-05-21 17:32:34,491 - backend.database.mongo - INFO - database indexes prepared successfully
2026-05-21 17:32:34,566 - backend.database.mongo - INFO - default admin seed skipped because admin already exists
2026-05-21 17:32:37,620 - scmxpertlite.request - INFO - request completed
2026-05-21 17:32:37,741 - scmxpertlite.request - INFO - request completed
2026-05-21 17:32:42,323 - scmxpertlite.request - INFO - request completed
2026-05-21 17:32:42,455 - scmxpertlite.request - INFO - request completed
2026-05-21 17:38:28,576 - backend.routes.auth.user_auth_routes - INFO - oauth token requested
2026-05-21 17:38:28,576 - backend.services.auth_service - INFO - authenticating user
2026-05-21 17:38:28,895 - backend.services.auth_service - WARNING - authentication failed
2026-05-21 17:38:28,895 - backend.routes.auth.user_auth_routes - WARNING - oauth token request rejected
2026-05-21 17:38:28,896 - scmxpertlite.request - INFO - request completed
2026-05-21 17:38:45,832 - backend.routes.auth.user_auth_routes - INFO - oauth token requested
2026-05-21 17:38:45,833 - backend.services.auth_service - INFO - authenticating user
2026-05-21 17:38:46,229 - backend.services.auth_service - WARNING - authentication failed
2026-05-21 17:38:46,229 - backend.routes.auth.user_auth_routes - WARNING - oauth token request rejected
2026-05-21 17:38:46,230 - scmxpertlite.request - INFO - request completed
2026-05-21 17:38:51,216 - backend.routes.auth.user_auth_routes - INFO - oauth token requested
2026-05-21 17:38:51,216 - backend.services.auth_service - INFO - authenticating user
2026-05-21 17:38:51,595 - backend.services.auth_service - INFO - authentication succeeded
2026-05-21 17:38:51,596 - backend.routes.auth.user_auth_routes - INFO - oauth token issued
2026-05-21 17:38:51,634 - scmxpertlite.request - INFO - request completed
2026-05-21 18:12:10,525 - backend.routes.device_routes - INFO - device creation requested
2026-05-21 18:12:10,525 - backend.routes.device_routes - INFO - device created successfully
2026-05-21 18:12:10,525 - scmxpertlite.request - INFO - request completed
2026-05-21 18:12:10,525 - httpx - INFO - HTTP Request: POST http://testserver/api/devices "HTTP/1.1 201 Created"
2026-05-21 18:12:10,525 - backend.database.mongo - INFO - closing MongoDB connection
2026-05-21 18:12:10,530 - backend.routes.shipment_routes - INFO - shipment creation requested
2026-05-21 18:12:10,530 - backend.routes.shipment_routes - INFO - shipment created successfully
2026-05-21 18:12:10,530 - scmxpertlite.request - INFO - request completed
2026-05-21 18:12:10,530 - httpx - INFO - HTTP Request: POST http://testserver/api/shipments "HTTP/1.1 201 Created"
2026-05-21 18:12:10,532 - backend.database.mongo - INFO - closing MongoDB connection
2026-05-21 18:12:10,538 - backend.routes.device_routes - INFO - device creation requested
2026-05-21 18:12:10,538 - backend.routes.device_routes - WARNING - device creation rejected due to duplicate device id
2026-05-21 18:12:10,538 - scmxpertlite.request - INFO - request completed
2026-05-21 18:12:10,538 - httpx - INFO - HTTP Request: POST http://testserver/api/devices "HTTP/1.1 409 Conflict"
2026-05-21 18:12:10,538 - scmxpertlite.request - INFO - request completed
2026-05-21 18:12:10,538 - backend.database.mongo - INFO - closing MongoDB connection
2026-05-21 18:12:10,541 - httpx - INFO - HTTP Request: POST http://testserver/api/shipments "HTTP/1.1 422 Unprocessable Entity"
2026-05-21 18:12:10,541 - backend.database.mongo - INFO - closing MongoDB connection
2026-05-21 18:12:10,548 - backend.routes.auth.user_auth_routes - INFO - signup requested
2026-05-21 18:12:10,548 - backend.routes.auth.user_auth_routes - INFO - signup completed
2026-05-21 18:12:10,548 - backend.routes.shipment_routes - INFO - shipment list requested
2026-05-21 18:12:10,548 - scmxpertlite.request - INFO - request completed
2026-05-21 18:12:10,548 - scmxpertlite.request - INFO - request completed
2026-05-21 18:12:10,550 - httpx - INFO - HTTP Request: GET http://testserver/api/shipments "HTTP/1.1 200 OK"
2026-05-21 18:12:10,550 - httpx - INFO - HTTP Request: POST http://testserver/api/auth/signup "HTTP/1.1 201 Created"
2026-05-21 18:12:10,550 - backend.database.mongo - INFO - closing MongoDB connection
2026-05-21 18:12:10,550 - backend.database.mongo - INFO - closing MongoDB connection
2026-05-21 18:12:10,550 - backend.routes.device_routes - INFO - device list requested
2026-05-21 18:12:10,550 - scmxpertlite.request - INFO - request completed
2026-05-21 18:12:10,550 - httpx - INFO - HTTP Request: GET http://testserver/api/devices "HTTP/1.1 200 OK"
2026-05-21 18:12:10,550 - backend.database.mongo - INFO - closing MongoDB connection
2026-05-21 18:12:10,550 - backend.routes.shipment_routes - INFO - shipment lookup requested
2026-05-21 18:12:10,550 - scmxpertlite.request - INFO - request completed
2026-05-21 18:12:10,550 - backend.routes.device_routes - INFO - device lookup requested
2026-05-21 18:12:10,550 - scmxpertlite.request - INFO - request completed
2026-05-21 18:12:10,550 - httpx - INFO - HTTP Request: GET http://testserver/api/shipments/SCM-OWN1 "HTTP/1.1 200 OK"
2026-05-21 18:12:10,550 - backend.routes.auth.user_auth_routes - INFO - signup requested
2026-05-21 18:12:10,550 - backend.routes.auth.user_auth_routes - WARNING - signup rejected by validation or business rule
2026-05-21 18:12:10,550 - scmxpertlite.request - INFO - request completed
2026-05-21 18:12:10,550 - httpx - INFO - HTTP Request: GET http://testserver/api/devices/DEV-001 "HTTP/1.1 200 OK"
2026-05-21 18:12:10,550 - backend.database.mongo - INFO - closing MongoDB connection
2026-05-21 18:12:10,550 - httpx - INFO - HTTP Request: POST http://testserver/api/auth/signup "HTTP/1.1 409 Conflict"
2026-05-21 18:12:10,550 - backend.database.mongo - INFO - closing MongoDB connection
2026-05-21 18:12:10,550 - backend.database.mongo - INFO - closing MongoDB connection
2026-05-21 18:12:10,565 - scmxpertlite.request - INFO - request completed
2026-05-21 18:12:10,565 - backend.routes.device_routes - INFO - device update requested
2026-05-21 18:12:10,565 - httpx - INFO - HTTP Request: POST http://testserver/api/auth/signup "HTTP/1.1 422 Unprocessable Entity"
2026-05-21 18:12:10,566 - backend.routes.shipment_routes - INFO - shipment update requested
2026-05-21 18:12:10,566 - httpx - INFO - HTTP Request: PATCH http://testserver/api/devices/DEV-001 "HTTP/1.1 200 OK"
2026-05-21 18:12:10,566 - scmxpertlite.request - INFO - request completed
2026-05-21 18:12:10,566 - backend.database.mongo - INFO - closing MongoDB connection
2026-05-21 18:12:10,567 - backend.database.mongo - INFO - closing MongoDB connection
2026-05-21 18:12:10,567 - httpx - INFO - HTTP Request: PATCH http://testserver/api/shipments/SCM-OWN1 "HTTP/1.1 200 OK"
2026-05-21 18:12:10,567 - backend.database.mongo - INFO - closing MongoDB connection
2026-05-21 18:12:10,573 - backend.routes.device_routes - INFO - device deletion requested
2026-05-21 18:12:10,574 - scmxpertlite.request - INFO - request completed
2026-05-21 18:12:10,574 - httpx - INFO - HTTP Request: DELETE http://testserver/api/devices/DEV-001 "HTTP/1.1 200 OK"
2026-05-21 18:12:10,575 - backend.database.mongo - INFO - closing MongoDB connection
quested
2026-05-21 18:12:10,575 - scmxpertlite.request - INFO - request completed
2026-05-21 18:12:10,576 - httpx - INFO - HTTP Request: DELETE http://testserver/api/shipments/SCM-OWN1 "HTTP/1.1 200 OK"
2026-05-21 18:12:10,576 - backend.routes.auth.user_auth_routes - INFO - oauth token requested
2026-05-21 18:12:10,576 - backend.routes.auth.user_auth_routes - INFO - oauth token issued
2026-05-21 18:12:10,576 - backend.database.mongo - INFO - closing MongoDB connection
2026-05-21 18:12:10,576 - scmxpertlite.request - INFO - request completed
2026-05-21 18:12:10,577 - httpx - INFO - HTTP Request: POST http://testserver/api/auth/token "HTTP/1.1 200 OK"
2026-05-21 18:12:10,577 - backend.database.mongo - INFO - closing MongoDB connection
2026-05-21 18:12:10,582 - backend.database.mongo - INFO - preparing database indexes
2026-05-21 18:12:10,582 - backend.database.mongo - INFO - database indexes prepared successfully
2026-05-22 11:43:23,488 - backend.database.mongo - INFO - preparing database indexes
2026-05-22 11:43:26,181 - backend.database.mongo - INFO - database connection check succeeded
2026-05-22 11:43:27,497 - backend.database.mongo - INFO - database indexes prepared successfully
2026-05-22 11:43:27,577 - backend.database.mongo - INFO - default admin seed skipped because admin already exists
2026-05-22 11:43:31,179 - scmxpertlite.request - INFO - request completed
2026-05-22 11:43:37,149 - scmxpertlite.request - INFO - request completed
2026-05-22 11:43:37,435 - scmxpertlite.request - INFO - request completed
2026-05-22 12:13:13,452 - backend.database.mongo - INFO - preparing database indexes
2026-05-22 12:13:14,975 - backend.database.mongo - INFO - database connection check succeeded
2026-05-22 12:13:15,826 - backend.database.mongo - INFO - database indexes prepared successfully
2026-05-22 12:13:15,940 - backend.database.mongo - INFO - default admin seed skipped because admin already exists
2026-05-22 12:13:19,348 - scmxpertlite.request - INFO - request completed
2026-05-22 12:13:25,325 - scmxpertlite.request - INFO - request completed
2026-05-22 12:13:25,654 - scmxpertlite.request - INFO - request completed
2026-05-22 17:12:34,347 - scmxpertlite.request - INFO - request completed
2026-05-22 17:12:44,453 - scmxpertlite.request - INFO - request completed
2026-05-22 17:12:44,909 - scmxpertlite.request - INFO - request completed
2026-05-22 17:16:11,427 - backend.database.mongo - INFO - preparing database indexes
2026-05-22 17:16:12,869 - backend.database.mongo - INFO - database connection check succeeded
2026-05-22 17:16:13,266 - backend.database.mongo - INFO - database indexes prepared successfully
2026-05-22 17:16:13,345 - backend.database.mongo - INFO - configured super admin role upgraded successfully
2026-05-22 17:16:13,348 - backend.database.mongo - INFO - closing MongoDB connection
2026-05-22 19:57:46,493 - backend.database.mongo - INFO - preparing database indexes
2026-05-22 19:57:48,123 - backend.database.mongo - INFO - database connection check succeeded
2026-05-22 19:57:48,942 - backend.database.mongo - INFO - database indexes prepared successfully
2026-05-22 19:57:48,992 - backend.database.mongo - INFO - configured super admin already exists
2026-05-22 19:57:54,412 - scmxpertlite.request - INFO - request completed
2026-05-22 19:57:59,651 - scmxpertlite.request - INFO - request completed
2026-05-22 19:57:59,957 - scmxpertlite.request - INFO - request completed
2026-05-25 11:38:44,261 - backend.database.mongo - INFO - preparing database indexes
2026-05-25 11:38:46,058 - backend.database.mongo - INFO - database connection check succeeded
2026-05-25 11:38:47,287 - backend.database.mongo - INFO - database indexes prepared successfully
2026-05-25 11:38:47,343 - backend.database.mongo - INFO - configured super admin already exists
2026-05-25 11:38:52,325 - scmxpertlite.request - INFO - request completed
2026-05-25 11:38:58,494 - scmxpertlite.request - INFO - request completed
2026-05-25 11:38:58,781 - scmxpertlite.request - INFO - request completed
2026-05-25 11:39:23,470 - backend.routes.auth.user_auth_routes - INFO - oauth token requested
2026-05-25 11:39:23,470 - backend.services.auth_service - INFO - authenticating user
2026-05-25 11:39:23,758 - backend.services.auth_service - INFO - authentication succeeded
2026-05-25 11:39:23,758 - backend.routes.auth.user_auth_routes - INFO - oauth token issued
2026-05-25 11:39:23,770 - scmxpertlite.request - INFO - request completed
2026-05-25 19:57:33,702 - backend.database.mongo - INFO - preparing database indexes
2026-05-25 19:57:34,990 - backend.database.mongo - INFO - database connection check succeeded
2026-05-25 19:57:35,669 - backend.database.mongo - INFO - database indexes prepared successfully
2026-05-25 19:57:35,709 - backend.database.mongo - INFO - configured super admin already exists
2026-05-25 19:57:35,709 - backend.database.mongo - INFO - closing MongoDB connection
2026-05-25 19:58:08,285 - scmxpertlite.request - INFO - request completed
2026-05-25 19:58:08,285 - httpx - INFO - HTTP Request: GET http://testserver/api/admin/users "HTTP/1.1 404 Not Found"
2026-05-25 19:58:08,285 - backend.database.mongo - INFO - closing MongoDB connection
2026-05-25 19:58:08,390 - scmxpertlite.request - INFO - request completed
2026-05-25 19:58:08,390 - httpx - INFO - HTTP Request: GET http://testserver/api/admin/users "HTTP/1.1 404 Not Found"
2026-05-25 19:58:08,391 - backend.database.mongo - INFO - closing MongoDB connection
2026-05-25 19:58:09,274 - scmxpertlite.request - INFO - request completed
2026-05-25 19:58:09,283 - httpx - INFO - HTTP Request: POST http://testserver/api/devices "HTTP/1.1 422 Unprocessable Entity"
2026-05-25 19:58:09,283 - backend.database.mongo - INFO - closing MongoDB connection
2026-05-25 19:58:09,294 - scmxpertlite.request - INFO - request completed
2026-05-25 19:58:09,294 - httpx - INFO - HTTP Request: POST http://testserver/api/devices "HTTP/1.1 422 Unprocessable Entity"
2026-05-25 19:58:09,295 - backend.database.mongo - INFO - closing MongoDB connection
2026-05-25 19:58:09,305 - backend.routes.device_routes - INFO - device list requested
2026-05-25 19:58:09,306 - backend.database.mongo - INFO - closing MongoDB connection
2026-05-25 19:58:09,890 - backend.routes.device_routes - INFO - device lookup requested
2026-05-25 19:58:09,894 - backend.database.mongo - INFO - closing MongoDB connection
2026-05-25 19:58:10,133 - scmxpertlite.request - INFO - request completed
2026-05-25 19:58:10,133 - httpx - INFO - HTTP Request: PATCH http://testserver/api/devices/DEV-001 "HTTP/1.1 422 Unprocessable Entity"
2026-05-25 19:58:10,133 - backend.database.mongo - INFO - closing MongoDB connection
2026-05-25 19:58:10,140 - backend.routes.device_routes - INFO - device deletion requested
2026-05-25 19:58:10,145 - scmxpertlite.request - INFO - request completed
2026-05-25 19:58:10,145 - httpx - INFO - HTTP Request: DELETE http://testserver/api/devices/DEV-001 "HTTP/1.1 200 OK"
2026-05-25 19:58:10,145 - backend.database.mongo - INFO - closing MongoDB connection
2026-05-25 19:58:10,152 - scmxpertlite.request - INFO - request completed
2026-05-25 19:58:10,152 - httpx - INFO - HTTP Request: POST http://testserver/api/shipments "HTTP/1.1 422 Unprocessable Entity"
2026-05-25 19:58:10,152 - backend.database.mongo - INFO - closing MongoDB connection
2026-05-25 19:58:10,160 - scmxpertlite.request - INFO - request completed
2026-05-25 19:58:10,160 - httpx - INFO - HTTP Request: POST http://testserver/api/shipments "HTTP/1.1 422 Unprocessable Entity"
2026-05-25 19:58:10,166 - backend.database.mongo - INFO - closing MongoDB connection
2026-05-25 19:58:10,166 - backend.routes.shipment_routes - INFO - shipment list requested
2026-05-25 19:58:10,166 - backend.database.mongo - INFO - closing MongoDB connection
2026-05-25 19:58:10,409 - backend.routes.shipment_routes - INFO - shipment lookup requested
2026-05-25 19:58:10,409 - backend.database.mongo - INFO - closing MongoDB connection
2026-05-25 19:58:10,669 - scmxpertlite.request - INFO - request completed
2026-05-25 19:58:10,669 - httpx - INFO - HTTP Request: PATCH http://testserver/api/shipments/SCM-OWN1 "HTTP/1.1 422 Unprocessable Entity"
2026-05-25 19:58:10,669 - backend.database.mongo - INFO - closing MongoDB connection
2026-05-25 19:58:10,685 - backend.routes.shipment_routes - INFO - shipment deletion requested
2026-05-25 19:58:10,686 - scmxpertlite.request - INFO - request completed
2026-05-25 19:58:10,686 - httpx - INFO - HTTP Request: DELETE http://testserver/api/shipments/SCM-OWN1 "HTTP/1.1 200 OK"
2026-05-25 19:58:10,686 - backend.database.mongo - INFO - closing MongoDB connection
2026-05-25 19:58:10,686 - main - WARNING - application startup completed with degraded database state
2026-05-25 19:58:10,686 - scmxpertlite.request - INFO - request completed
2026-05-25 19:58:10,686 - httpx - INFO - HTTP Request: GET http://testserver/ "HTTP/1.1 200 OK"
2026-05-25 19:58:11,786 - backend.database.mongo - INFO - database connection check succeeded
2026-05-25 19:58:11,786 - backend.database.mongo - INFO - database health check returned up
2026-05-25 19:58:11,786 - scmxpertlite.request - INFO - request completed
2026-05-25 19:58:11,786 - httpx - INFO - HTTP Request: GET http://testserver/health "HTTP/1.1 200 OK"
2026-05-25 19:58:11,786 - backend.database.mongo - INFO - closing MongoDB connection
2026-05-25 19:58:11,902 - backend.routes.auth.user_auth_routes - INFO - signup requested
2026-05-25 19:58:11,902 - backend.routes.auth.user_auth_routes - INFO - signup completed
2026-05-25 19:58:11,903 - scmxpertlite.request - INFO - request completed
2026-05-25 19:58:11,903 - httpx - INFO - HTTP Request: POST http://testserver/api/auth/signup "HTTP/1.1 201 Created"
2026-05-25 19:58:11,904 - backend.database.mongo - INFO - closing MongoDB connection
2026-05-25 19:58:11,908 - backend.routes.auth.user_auth_routes - INFO - signup requested
2026-05-25 19:58:11,908 - backend.routes.auth.user_auth_routes - WARNING - signup rejected by validation or business rule
2026-05-25 19:58:11,908 - scmxpertlite.request - INFO - request completed
2026-05-25 19:58:11,909 - httpx - INFO - HTTP Request: POST http://testserver/api/auth/signup "HTTP/1.1 409 Conflict"
2026-05-25 19:58:11,909 - backend.database.mongo - INFO - closing MongoDB connection
2026-05-25 19:58:11,914 - scmxpertlite.request - INFO - request completed
2026-05-25 19:58:11,914 - httpx - INFO - HTTP Request: POST http://testserver/api/auth/signup "HTTP/1.1 422 Unprocessable Entity"
2026-05-25 19:58:11,915 - backend.database.mongo - INFO - closing MongoDB connection
2026-05-25 19:58:11,922 - backend.routes.auth.user_auth_routes - INFO - oauth token requested
2026-05-25 19:58:11,922 - backend.routes.auth.user_auth_routes - INFO - oauth token issued
2026-05-25 19:58:11,922 - scmxpertlite.request - INFO - request completed
2026-05-25 19:58:11,923 - httpx - INFO - HTTP Request: POST http://testserver/api/auth/token "HTTP/1.1 200 OK"
2026-05-25 19:58:11,923 - backend.database.mongo - INFO - closing MongoDB connection
2026-05-25 19:58:11,925 - backend.database.mongo - INFO - preparing database indexes
2026-05-25 19:58:11,925 - backend.database.mongo - INFO - database indexes prepared successfully
2026-05-25 19:59:53,335 - scmxpertlite.request - INFO - request completed
2026-05-25 19:59:53,335 - httpx - INFO - HTTP Request: GET http://testserver/api/admin/users "HTTP/1.1 403 Forbidden"
2026-05-25 19:59:53,336 - backend.database.mongo - INFO - closing MongoDB connection
2026-05-25 19:59:53,343 - backend.routes.auth.admin_auth_routes - INFO - admin list users requested
2026-05-25 19:59:53,348 - scmxpertlite.request - INFO - request completed
2026-05-25 19:59:53,348 - httpx - INFO - HTTP Request: GET http://testserver/api/admin/users "HTTP/1.1 200 OK"
2026-05-25 19:59:53,349 - backend.database.mongo - INFO - closing MongoDB connection
2026-05-25 19:59:54,235 - backend.routes.device_routes - INFO - device creation requested
2026-05-25 19:59:54,235 - backend.routes.device_routes - INFO - device created successfully
2026-05-25 19:59:54,235 - scmxpertlite.request - INFO - request completed
2026-05-25 19:59:54,235 - httpx - INFO - HTTP Request: POST http://testserver/api/devices "HTTP/1.1 201 Created"
2026-05-25 19:59:54,242 - backend.database.mongo - INFO - closing MongoDB connection
2026-05-25 19:59:54,242 - backend.routes.device_routes - INFO - device creation requested
2026-05-25 19:59:54,242 - backend.routes.device_routes - WARNING - device creation rejected due to duplicate device id
2026-05-25 19:59:54,242 - scmxpertlite.request - INFO - request completed
2026-05-25 19:59:54,242 - httpx - INFO - HTTP Request: POST http://testserver/api/devices "HTTP/1.1 409 Conflict"
2026-05-25 19:59:54,242 - backend.database.mongo - INFO - closing MongoDB connection
2026-05-25 19:59:54,250 - backend.routes.device_routes - INFO - device list requested
2026-05-25 19:59:54,250 - scmxpertlite.request - INFO - request completed
2026-05-25 19:59:54,250 - httpx - INFO - HTTP Request: GET http://testserver/api/devices "HTTP/1.1 200 OK"
2026-05-25 19:59:54,250 - backend.database.mongo - INFO - closing MongoDB connection
2026-05-25 19:59:54,258 - backend.routes.device_routes - INFO - device lookup requested
2026-05-25 19:59:54,258 - scmxpertlite.request - INFO - request completed
2026-05-25 19:59:54,258 - httpx - INFO - HTTP Request: GET http://testserver/api/devices/DEV-001 "HTTP/1.1 200 OK"
2026-05-25 19:59:54,258 - backend.database.mongo - INFO - closing MongoDB connection
2026-05-25 19:59:54,264 - backend.routes.device_routes - INFO - device update requested
2026-05-25 19:59:54,264 - scmxpertlite.request - INFO - request completed
2026-05-25 19:59:54,264 - httpx - INFO - HTTP Request: PATCH http://testserver/api/devices/DEV-001 "HTTP/1.1 200 OK"
2026-05-25 19:59:54,264 - backend.database.mongo - INFO - closing MongoDB connection
2026-05-25 19:59:54,264 - backend.routes.device_routes - INFO - device deletion requested
2026-05-25 19:59:54,264 - scmxpertlite.request - INFO - request completed
2026-05-25 19:59:54,264 - httpx - INFO - HTTP Request: DELETE http://testserver/api/devices/DEV-001 "HTTP/1.1 200 OK"
2026-05-25 19:59:54,264 - backend.database.mongo - INFO - closing MongoDB connection
2026-05-25 19:59:54,276 - backend.routes.shipment_routes - INFO - shipment creation requested
2026-05-25 19:59:54,276 - backend.routes.shipment_routes - INFO - shipment created successfully
2026-05-25 19:59:54,276 - scmxpertlite.request - INFO - request completed
2026-05-25 19:59:54,277 - httpx - INFO - HTTP Request: POST http://testserver/api/shipments "HTTP/1.1 201 Created"
2026-05-25 19:59:54,277 - backend.database.mongo - INFO - closing MongoDB connection
2026-05-25 19:59:54,284 - scmxpertlite.request - INFO - request completed
2026-05-25 19:59:54,284 - httpx - INFO - HTTP Request: POST http://testserver/api/shipments "HTTP/1.1 422 Unprocessable Entity"
2026-05-25 19:59:54,284 - backend.database.mongo - INFO - closing MongoDB connection
2026-05-25 19:59:54,288 - backend.routes.shipment_routes - INFO - shipment list requested
2026-05-25 19:59:54,289 - scmxpertlite.request - INFO - request completed
2026-05-25 19:59:54,289 - httpx - INFO - HTTP Request: GET http://testserver/api/shipments "HTTP/1.1 200 OK"
2026-05-25 19:59:54,289 - backend.database.mongo - INFO - closing MongoDB connection
2026-05-25 19:59:54,294 - backend.routes.shipment_routes - INFO - shipment lookup requested
2026-05-25 19:59:54,294 - scmxpertlite.request - INFO - request completed
2026-05-25 19:59:54,294 - httpx - INFO - HTTP Request: GET http://testserver/api/shipments/SCM-OWN1 "HTTP/1.1 200 OK"
2026-05-25 19:59:54,294 - backend.database.mongo - INFO - closing MongoDB connection
2026-05-25 19:59:54,300 - backend.routes.shipment_routes - INFO - shipment update requested
2026-05-25 19:59:54,300 - scmxpertlite.request - INFO - request completed
2026-05-25 19:59:54,300 - httpx - INFO - HTTP Request: PATCH http://testserver/api/shipments/SCM-OWN1 "HTTP/1.1 200 OK"
2026-05-25 19:59:54,300 - backend.database.mongo - INFO - closing MongoDB connection
2026-05-25 19:59:54,300 - backend.routes.shipment_routes - INFO - shipment deletion requested
2026-05-25 19:59:54,300 - scmxpertlite.request - INFO - request completed
2026-05-25 19:59:54,300 - httpx - INFO - HTTP Request: DELETE http://testserver/api/shipments/SCM-OWN1 "HTTP/1.1 200 OK"
2026-05-25 19:59:54,300 - backend.database.mongo - INFO - closing MongoDB connection
2026-05-25 19:59:54,300 - main - WARNING - application startup completed with degraded database state
2026-05-25 19:59:54,300 - scmxpertlite.request - INFO - request completed
2026-05-25 19:59:54,313 - httpx - INFO - HTTP Request: GET http://testserver/ "HTTP/1.1 200 OK"
2026-05-25 19:59:55,520 - backend.database.mongo - INFO - database connection check succeeded
2026-05-25 19:59:55,520 - backend.database.mongo - INFO - database health check returned up
2026-05-25 19:59:55,520 - scmxpertlite.request - INFO - request completed
2026-05-25 19:59:55,520 - httpx - INFO - HTTP Request: GET http://testserver/health "HTTP/1.1 200 OK"
2026-05-25 19:59:55,520 - backend.database.mongo - INFO - closing MongoDB connection
2026-05-25 19:59:55,629 - backend.routes.auth.user_auth_routes - INFO - signup requested
2026-05-25 19:59:55,629 - backend.routes.auth.user_auth_routes - INFO - signup completed
2026-05-25 19:59:55,630 - scmxpertlite.request - INFO - request completed
2026-05-25 19:59:55,630 - httpx - INFO - HTTP Request: POST http://testserver/api/auth/signup "HTTP/1.1 201 Created"
2026-05-25 19:59:55,630 - backend.database.mongo - INFO - closing MongoDB connection
2026-05-25 19:59:55,642 - backend.routes.auth.user_auth_routes - INFO - signup requested
2026-05-25 19:59:55,642 - backend.routes.auth.user_auth_routes - WARNING - signup rejected by validation or business rule
2026-05-25 19:59:55,642 - scmxpertlite.request - INFO - request completed
2026-05-25 19:59:55,643 - httpx - INFO - HTTP Request: POST http://testserver/api/auth/signup "HTTP/1.1 409 Conflict"
2026-05-25 19:59:55,643 - backend.database.mongo - INFO - closing MongoDB connection
2026-05-25 19:59:55,656 - scmxpertlite.request - INFO - request completed
2026-05-25 19:59:55,656 - httpx - INFO - HTTP Request: POST http://testserver/api/auth/signup "HTTP/1.1 422 Unprocessable Entity"
2026-05-25 19:59:55,656 - backend.database.mongo - INFO - closing MongoDB connection
2026-05-25 19:59:55,668 - backend.routes.auth.user_auth_routes - INFO - oauth token requested
2026-05-25 19:59:55,668 - backend.routes.auth.user_auth_routes - INFO - oauth token issued
2026-05-25 19:59:55,668 - scmxpertlite.request - INFO - request completed
2026-05-25 19:59:55,668 - httpx - INFO - HTTP Request: POST http://testserver/api/auth/token "HTTP/1.1 200 OK"
2026-05-25 19:59:55,668 - backend.database.mongo - INFO - closing MongoDB connection
2026-05-25 19:59:55,668 - backend.database.mongo - INFO - preparing database indexes
2026-05-25 19:59:55,668 - backend.database.mongo - INFO - database indexes prepared successfully
2026-05-25 20:00:09,002 - backend.database.mongo - INFO - preparing database indexes
2026-05-25 20:00:09,518 - backend.database.mongo - INFO - database connection check succeeded
2026-05-25 20:00:09,921 - backend.database.mongo - INFO - database indexes prepared successfully
2026-05-25 20:00:09,955 - backend.database.mongo - INFO - configured super admin already exists
2026-05-25 20:00:12,627 - scmxpertlite.request - INFO - request completed
2026-05-25 20:00:17,081 - scmxpertlite.request - INFO - request completed
2026-05-25 20:00:17,382 - scmxpertlite.request - INFO - request completed
2026-05-26 11:43:16,709 - backend.database.mongo - INFO - preparing database indexes
2026-05-26 11:43:18,135 - backend.database.mongo - INFO - database connection check succeeded
2026-05-26 11:43:18,516 - backend.database.mongo - INFO - database indexes prepared successfully
2026-05-26 11:43:18,549 - backend.database.mongo - INFO - configured super admin already exists
2026-05-26 11:43:18,549 - backend.database.mongo - INFO - closing MongoDB connection
2026-05-26 11:43:43,218 - scmxpertlite.request - INFO - request completed
2026-05-26 11:43:43,221 - httpx - INFO - HTTP Request: GET http://testserver/api/admin/users "HTTP/1.1 403 Forbidden"
2026-05-26 11:43:43,221 - backend.database.mongo - INFO - closing MongoDB connection
2026-05-26 11:43:43,225 - backend.routes.auth.admin_auth_routes - INFO - admin list users requested
2026-05-26 11:43:43,233 - scmxpertlite.request - INFO - request completed
2026-05-26 11:43:43,233 - httpx - INFO - HTTP Request: GET http://testserver/api/admin/users "HTTP/1.1 200 OK"
2026-05-26 11:43:43,233 - backend.database.mongo - INFO - closing MongoDB connection
2026-05-26 11:43:44,103 - backend.routes.device_routes - INFO - device creation requested
2026-05-26 11:43:44,103 - backend.routes.device_routes - INFO - device created successfully
2026-05-26 11:43:44,103 - scmxpertlite.request - INFO - request completed
2026-05-26 11:43:44,103 - httpx - INFO - HTTP Request: POST http://testserver/api/devices "HTTP/1.1 201 Created"
2026-05-26 11:43:44,103 - backend.database.mongo - INFO - closing MongoDB connection
2026-05-26 11:43:44,103 - backend.routes.device_routes - INFO - device creation requested
2026-05-26 11:43:44,103 - backend.routes.device_routes - WARNING - device creation rejected due to duplicate device id
2026-05-26 11:43:44,103 - scmxpertlite.request - INFO - request completed
2026-05-26 11:43:44,103 - httpx - INFO - HTTP Request: POST http://testserver/api/devices "HTTP/1.1 409 Conflict"
2026-05-26 11:43:44,103 - backend.database.mongo - INFO - closing MongoDB connection
2026-05-26 11:43:44,103 - backend.routes.device_routes - INFO - device list requested
2026-05-26 11:43:44,103 - scmxpertlite.request - INFO - request completed
2026-05-26 11:43:44,103 - httpx - INFO - HTTP Request: GET http://testserver/api/devices "HTTP/1.1 200 OK"
2026-05-26 11:43:44,103 - backend.database.mongo - INFO - closing MongoDB connection
2026-05-26 11:43:44,118 - backend.routes.device_routes - INFO - device lookup requested
2026-05-26 11:43:44,118 - scmxpertlite.request - INFO - request completed
2026-05-26 11:43:44,118 - httpx - INFO - HTTP Request: GET http://testserver/api/devices/DEV-001 "HTTP/1.1 200 OK"
2026-05-26 11:43:44,118 - backend.database.mongo - INFO - closing MongoDB connection
2026-05-26 11:43:44,118 - backend.routes.device_routes - INFO - device update requested
2026-05-26 11:43:44,118 - scmxpertlite.request - INFO - request completed
2026-05-26 11:43:44,118 - httpx - INFO - HTTP Request: PATCH http://testserver/api/devices/DEV-001 "HTTP/1.1 200 OK"
2026-05-26 11:43:44,118 - backend.database.mongo - INFO - closing MongoDB connection
2026-05-26 11:43:44,118 - backend.routes.device_routes - INFO - device deletion requested
2026-05-26 11:43:44,118 - scmxpertlite.request - INFO - request completed
2026-05-26 11:43:44,118 - httpx - INFO - HTTP Request: DELETE http://testserver/api/devices/DEV-001 "HTTP/1.1 200 OK"
2026-05-26 11:43:44,118 - backend.database.mongo - INFO - closing MongoDB connection
2026-05-26 11:43:44,134 - backend.routes.shipment_routes - INFO - shipment creation requested
2026-05-26 11:43:44,134 - backend.routes.shipment_routes - INFO - shipment created successfully
2026-05-26 11:43:44,134 - scmxpertlite.request - INFO - request completed
2026-05-26 11:43:44,134 - httpx - INFO - HTTP Request: POST http://testserver/api/shipments "HTTP/1.1 201 Created"
2026-05-26 11:43:44,134 - backend.database.mongo - INFO - closing MongoDB connection
2026-05-26 11:43:44,134 - scmxpertlite.request - INFO - request completed
2026-05-26 11:43:44,134 - httpx - INFO - HTTP Request: POST http://testserver/api/shipments "HTTP/1.1 422 Unprocessable Entity"
2026-05-26 11:43:44,134 - backend.database.mongo - INFO - closing MongoDB connection
2026-05-26 11:43:44,134 - backend.routes.shipment_routes - INFO - shipment list requested
2026-05-26 11:43:44,134 - scmxpertlite.request - INFO - request completed
2026-05-26 11:43:44,134 - httpx - INFO - HTTP Request: GET http://testserver/api/shipments "HTTP/1.1 200 OK"
2026-05-26 11:43:44,134 - backend.database.mongo - INFO - closing MongoDB connection
2026-05-26 11:43:44,150 - backend.routes.shipment_routes - INFO - shipment lookup requested
2026-05-26 11:43:44,150 - scmxpertlite.request - INFO - request completed
2026-05-26 11:43:44,150 - httpx - INFO - HTTP Request: GET http://testserver/api/shipments/SCM-OWN1 "HTTP/1.1 200 OK"
2026-05-26 11:43:44,150 - backend.database.mongo - INFO - closing MongoDB connection
2026-05-26 11:43:44,155 - backend.routes.shipment_routes - INFO - shipment update requested
2026-05-26 11:43:44,155 - scmxpertlite.request - INFO - request completed
2026-05-26 11:43:44,155 - httpx - INFO - HTTP Request: PATCH http://testserver/api/shipments/SCM-OWN1 "HTTP/1.1 200 OK"
2026-05-26 11:43:44,155 - backend.database.mongo - INFO - closing MongoDB connection
2026-05-26 11:43:44,164 - backend.routes.shipment_routes - INFO - shipment deletion requested
2026-05-26 11:43:44,164 - scmxpertlite.request - INFO - request completed
2026-05-26 11:43:44,164 - httpx - INFO - HTTP Request: DELETE http://testserver/api/shipments/SCM-OWN1 "HTTP/1.1 200 OK"
2026-05-26 11:43:44,164 - backend.database.mongo - INFO - closing MongoDB connection
2026-05-26 11:43:44,168 - main - WARNING - application startup completed with degraded database state
2026-05-26 11:43:44,170 - scmxpertlite.request - INFO - request completed
2026-05-26 11:43:44,170 - httpx - INFO - HTTP Request: GET http://testserver/ "HTTP/1.1 200 OK"
2026-05-26 11:43:45,357 - backend.database.mongo - INFO - database connection check succeeded
2026-05-26 11:43:45,357 - backend.database.mongo - INFO - database health check returned up
2026-05-26 11:43:45,357 - scmxpertlite.request - INFO - request completed
2026-05-26 11:43:45,358 - httpx - INFO - HTTP Request: GET http://testserver/health "HTTP/1.1 200 OK"
2026-05-26 11:43:45,358 - backend.database.mongo - INFO - closing MongoDB connection
2026-05-26 11:43:45,473 - backend.routes.auth.user_auth_routes - INFO - signup requested
2026-05-26 11:43:45,473 - backend.routes.auth.user_auth_routes - INFO - signup completed
2026-05-26 11:43:45,473 - scmxpertlite.request - INFO - request completed
2026-05-26 11:43:45,473 - httpx - INFO - HTTP Request: POST http://testserver/api/auth/signup "HTTP/1.1 201 Created"
2026-05-26 11:43:45,474 - backend.database.mongo - INFO - closing MongoDB connection
2026-05-26 11:43:45,479 - backend.routes.auth.user_auth_routes - INFO - signup requested
2026-05-26 11:43:45,479 - backend.routes.auth.user_auth_routes - WARNING - signup rejected by validation or business rule
2026-05-26 11:43:45,479 - scmxpertlite.request - INFO - request completed
2026-05-26 11:43:45,480 - httpx - INFO - HTTP Request: POST http://testserver/api/auth/signup "HTTP/1.1 409 Conflict"
2026-05-26 11:43:45,480 - backend.database.mongo - INFO - closing MongoDB connection
2026-05-26 11:43:45,484 - scmxpertlite.request - INFO - request completed
2026-05-26 11:43:45,484 - httpx - INFO - HTTP Request: POST http://testserver/api/auth/signup "HTTP/1.1 422 Unprocessable Entity"
2026-05-26 11:43:45,484 - backend.database.mongo - INFO - closing MongoDB connection
2026-05-26 11:43:45,491 - backend.routes.auth.user_auth_routes - INFO - oauth token requested
2026-05-26 11:43:45,491 - backend.routes.auth.user_auth_routes - INFO - oauth token issued
2026-05-26 11:43:45,491 - scmxpertlite.request - INFO - request completed
2026-05-26 11:43:45,491 - httpx - INFO - HTTP Request: POST http://testserver/api/auth/token "HTTP/1.1 200 OK"
2026-05-26 11:43:45,491 - backend.database.mongo - INFO - closing MongoDB connection
2026-05-26 11:43:45,518 - backend.database.mongo - INFO - preparing database indexes
2026-05-26 11:43:45,518 - backend.database.mongo - INFO - database indexes prepared successfully
2026-05-26 11:44:11,399 - scmxpertlite.request - INFO - request completed
2026-05-26 11:44:11,399 - httpx - INFO - HTTP Request: GET http://testserver/api/admin/users "HTTP/1.1 403 Forbidden"
2026-05-26 11:44:11,399 - backend.database.mongo - INFO - closing MongoDB connection
2026-05-26 11:44:11,402 - backend.routes.auth.admin_auth_routes - INFO - admin list users requested
2026-05-26 11:44:11,411 - scmxpertlite.request - INFO - request completed
2026-05-26 11:44:11,411 - httpx - INFO - HTTP Request: GET http://testserver/api/admin/users "HTTP/1.1 200 OK"
2026-05-26 11:44:11,413 - backend.database.mongo - INFO - closing MongoDB connection
2026-05-26 11:44:12,290 - backend.routes.device_routes - INFO - device creation requested
2026-05-26 11:44:12,290 - backend.routes.device_routes - INFO - device created successfully
2026-05-26 11:44:12,290 - scmxpertlite.request - INFO - request completed
2026-05-26 11:44:12,290 - httpx - INFO - HTTP Request: POST http://testserver/api/devices "HTTP/1.1 201 Created"
2026-05-26 11:44:12,294 - backend.database.mongo - INFO - closing MongoDB connection
2026-05-26 11:44:12,298 - backend.routes.device_routes - INFO - device creation requested
2026-05-26 11:44:12,298 - backend.routes.device_routes - WARNING - device creation rejected due to duplicate device id
2026-05-26 11:44:12,298 - scmxpertlite.request - INFO - request completed
2026-05-26 11:44:12,298 - httpx - INFO - HTTP Request: POST http://testserver/api/devices "HTTP/1.1 409 Conflict"
2026-05-26 11:44:12,302 - backend.database.mongo - INFO - closing MongoDB connection
2026-05-26 11:44:12,310 - backend.routes.device_routes - INFO - device list requested
2026-05-26 11:44:12,310 - scmxpertlite.request - INFO - request completed
2026-05-26 11:44:12,310 - httpx - INFO - HTTP Request: GET http://testserver/api/devices "HTTP/1.1 200 OK"
2026-05-26 11:44:12,310 - backend.database.mongo - INFO - closing MongoDB connection
2026-05-26 11:44:12,317 - backend.routes.device_routes - INFO - device lookup requested
2026-05-26 11:44:12,319 - scmxpertlite.request - INFO - request completed
2026-05-26 11:44:12,319 - httpx - INFO - HTTP Request: GET http://testserver/api/devices/DEV-001 "HTTP/1.1 200 OK"
2026-05-26 11:44:12,319 - backend.database.mongo - INFO - closing MongoDB connection
2026-05-26 11:44:12,323 - backend.routes.device_routes - INFO - device update requested
2026-05-26 11:44:12,323 - scmxpertlite.request - INFO - request completed
2026-05-26 11:44:12,323 - httpx - INFO - HTTP Request: PATCH http://testserver/api/devices/DEV-001 "HTTP/1.1 200 OK"
2026-05-26 11:44:12,323 - backend.database.mongo - INFO - closing MongoDB connection
2026-05-26 11:44:12,336 - backend.routes.device_routes - INFO - device deletion requested
2026-05-26 11:44:12,336 - scmxpertlite.request - INFO - request completed
2026-05-26 11:44:12,337 - httpx - INFO - HTTP Request: DELETE http://testserver/api/devices/DEV-001 "HTTP/1.1 200 OK"
2026-05-26 11:44:12,337 - backend.database.mongo - INFO - closing MongoDB connection
2026-05-26 11:44:12,346 - backend.routes.shipment_routes - INFO - shipment creation requested
2026-05-26 11:44:12,346 - backend.routes.shipment_routes - INFO - shipment created successfully
2026-05-26 11:44:12,346 - scmxpertlite.request - INFO - request completed
2026-05-26 11:44:12,346 - httpx - INFO - HTTP Request: POST http://testserver/api/shipments "HTTP/1.1 201 Created"
2026-05-26 11:44:12,347 - backend.database.mongo - INFO - closing MongoDB connection
2026-05-26 11:44:12,351 - scmxpertlite.request - INFO - request completed
2026-05-26 11:44:12,352 - httpx - INFO - HTTP Request: POST http://testserver/api/shipments "HTTP/1.1 422 Unprocessable Entity"
2026-05-26 11:44:12,352 - backend.database.mongo - INFO - closing MongoDB connection
2026-05-26 11:44:12,357 - backend.routes.shipment_routes - INFO - shipment list requested
2026-05-26 11:44:12,357 - scmxpertlite.request - INFO - request completed
2026-05-26 11:44:12,357 - httpx - INFO - HTTP Request: GET http://testserver/api/shipments "HTTP/1.1 200 OK"
2026-05-26 11:44:12,358 - backend.database.mongo - INFO - closing MongoDB connection
2026-05-26 11:44:12,362 - backend.routes.shipment_routes - INFO - shipment lookup requested
2026-05-26 11:44:12,362 - scmxpertlite.request - INFO - request completed
2026-05-26 11:44:12,362 - httpx - INFO - HTTP Request: GET http://testserver/api/shipments/SCM-OWN1 "HTTP/1.1 200 OK"
2026-05-26 11:44:12,363 - backend.database.mongo - INFO - closing MongoDB connection
2026-05-26 11:44:12,367 - backend.routes.shipment_routes - INFO - shipment update requested
2026-05-26 11:44:12,367 - scmxpertlite.request - INFO - request completed
2026-05-26 11:44:12,368 - httpx - INFO - HTTP Request: PATCH http://testserver/api/shipments/SCM-OWN1 "HTTP/1.1 200 OK"
2026-05-26 11:44:12,368 - backend.database.mongo - INFO - closing MongoDB connection
2026-05-26 11:44:12,369 - backend.routes.shipment_routes - INFO - shipment deletion requested
2026-05-26 11:44:12,369 - scmxpertlite.request - INFO - request completed
2026-05-26 11:44:12,369 - httpx - INFO - HTTP Request: DELETE http://testserver/api/shipments/SCM-OWN1 "HTTP/1.1 200 OK"
2026-05-26 11:44:12,369 - backend.database.mongo - INFO - closing MongoDB connection
2026-05-26 11:44:12,369 - main - WARNING - application startup completed with degraded database state
2026-05-26 11:44:12,369 - scmxpertlite.request - INFO - request completed
2026-05-26 11:44:12,369 - httpx - INFO - HTTP Request: GET http://testserver/ "HTTP/1.1 200 OK"
2026-05-26 11:44:13,307 - backend.database.mongo - INFO - database connection check succeeded
2026-05-26 11:44:13,307 - backend.database.mongo - INFO - database health check returned up
2026-05-26 11:44:13,307 - scmxpertlite.request - INFO - request completed
2026-05-26 11:44:13,307 - httpx - INFO - HTTP Request: GET http://testserver/health "HTTP/1.1 200 OK"
2026-05-26 11:44:13,307 - backend.database.mongo - INFO - closing MongoDB connection
2026-05-26 11:44:13,362 - backend.routes.auth.user_auth_routes - INFO - signup requested
2026-05-26 11:44:13,362 - backend.routes.auth.user_auth_routes - INFO - signup completed
2026-05-26 11:44:13,364 - scmxpertlite.request - INFO - request completed
2026-05-26 11:44:13,364 - httpx - INFO - HTTP Request: POST http://testserver/api/auth/signup "HTTP/1.1 201 Created"
2026-05-26 11:44:13,365 - backend.database.mongo - INFO - closing MongoDB connection
2026-05-26 11:44:13,373 - backend.routes.auth.user_auth_routes - INFO - signup requested
2026-05-26 11:44:13,373 - backend.routes.auth.user_auth_routes - WARNING - signup rejected by validation or business rule
2026-05-26 11:44:13,373 - scmxpertlite.request - INFO - request completed
2026-05-26 11:44:13,373 - httpx - INFO - HTTP Request: POST http://testserver/api/auth/signup "HTTP/1.1 409 Conflict"
2026-05-26 11:44:13,374 - backend.database.mongo - INFO - closing MongoDB connection
2026-05-26 11:44:13,380 - scmxpertlite.request - INFO - request completed
2026-05-26 11:44:13,380 - httpx - INFO - HTTP Request: POST http://testserver/api/auth/signup "HTTP/1.1 422 Unprocessable Entity"
2026-05-26 11:44:13,381 - backend.database.mongo - INFO - closing MongoDB connection
2026-05-26 11:44:13,388 - backend.routes.auth.user_auth_routes - INFO - oauth token requested
2026-05-26 11:44:13,388 - backend.routes.auth.user_auth_routes - INFO - oauth token issued
2026-05-26 11:44:13,388 - scmxpertlite.request - INFO - request completed
2026-05-26 11:44:13,388 - httpx - INFO - HTTP Request: POST http://testserver/api/auth/token "HTTP/1.1 200 OK"
2026-05-26 11:44:13,388 - backend.database.mongo - INFO - closing MongoDB connection
2026-05-26 11:44:13,393 - backend.database.mongo - INFO - preparing database indexes
2026-05-26 11:44:13,393 - backend.database.mongo - INFO - database indexes prepared successfully
2026-05-26 11:48:25,068 - backend.database.mongo - INFO - preparing database indexes
2026-05-26 11:48:26,583 - backend.database.mongo - INFO - database connection check succeeded
2026-05-26 11:48:27,266 - backend.database.mongo - INFO - database indexes prepared successfully
2026-05-26 11:48:27,371 - backend.database.mongo - INFO - configured super admin already exists
2026-05-26 11:48:31,101 - scmxpertlite.request - INFO - request completed
2026-05-26 11:53:00,649 - scmxpertlite.request - INFO - request completed
2026-05-26 11:57:27,787 - backend.database.mongo - INFO - preparing database indexes
2026-05-26 11:57:32,213 - backend.database.mongo - INFO - database connection check succeeded
2026-05-26 11:57:33,069 - backend.database.mongo - INFO - database indexes prepared successfully
2026-05-26 11:57:33,171 - backend.database.mongo - INFO - configured super admin already exists
2026-05-26 11:57:33,173 - backend.database.mongo - INFO - closing MongoDB connection
2026-05-26 12:08:23,449 - backend.database.mongo - INFO - preparing database indexes
2026-05-26 12:08:24,571 - backend.database.mongo - INFO - database connection check succeeded
2026-05-26 12:08:25,198 - backend.database.mongo - INFO - database indexes prepared successfully
2026-05-26 12:08:25,231 - backend.database.mongo - INFO - configured super admin already exists
2026-05-26 12:08:31,377 - scmxpertlite.request - INFO - request completed
2026-05-26 12:09:46,768 - scmxpertlite.request - INFO - request completed
2026-05-26 12:09:46,768 - httpx - INFO - HTTP Request: GET http://testserver/api/admin/users "HTTP/1.1 403 Forbidden"
2026-05-26 12:09:46,768 - backend.database.mongo - INFO - closing MongoDB connection
2026-05-26 12:09:46,774 - backend.routes.auth.admin_auth_routes - INFO - admin list users requested
2026-05-26 12:09:46,774 - scmxpertlite.request - INFO - request completed
2026-05-26 12:09:46,774 - httpx - INFO - HTTP Request: GET http://testserver/api/admin/users "HTTP/1.1 200 OK"
2026-05-26 12:09:46,774 - backend.database.mongo - INFO - closing MongoDB connection
2026-05-26 12:09:47,654 - backend.routes.device_routes - INFO - device creation requested
2026-05-26 12:09:47,654 - backend.routes.device_routes - INFO - device created successfully
2026-05-26 12:09:47,655 - scmxpertlite.request - INFO - request completed
2026-05-26 12:09:47,655 - httpx - INFO - HTTP Request: POST http://testserver/api/devices "HTTP/1.1 201 Created"
2026-05-26 12:09:47,655 - backend.database.mongo - INFO - closing MongoDB connection
2026-05-26 12:09:47,660 - backend.routes.device_routes - INFO - device creation requested
2026-05-26 12:09:47,660 - backend.routes.device_routes - WARNING - device creation rejected due to duplicate device id
2026-05-26 12:09:47,660 - scmxpertlite.request - INFO - request completed
2026-05-26 12:09:47,660 - httpx - INFO - HTTP Request: POST http://testserver/api/devices "HTTP/1.1 409 Conflict"
2026-05-26 12:09:47,661 - backend.database.mongo - INFO - closing MongoDB connection
2026-05-26 12:09:47,665 - backend.routes.device_routes - INFO - device list requested
2026-05-26 12:09:47,665 - scmxpertlite.request - INFO - request completed
2026-05-26 12:09:47,665 - httpx - INFO - HTTP Request: GET http://testserver/api/devices "HTTP/1.1 200 OK"
2026-05-26 12:09:47,665 - backend.database.mongo - INFO - closing MongoDB connection
2026-05-26 12:09:47,665 - backend.routes.device_routes - INFO - device lookup requested
2026-05-26 12:09:47,665 - scmxpertlite.request - INFO - request completed
2026-05-26 12:09:47,665 - httpx - INFO - HTTP Request: GET http://testserver/api/devices/DEV-001 "HTTP/1.1 200 OK"
2026-05-26 12:09:47,665 - backend.database.mongo - INFO - closing MongoDB connection
2026-05-26 12:09:47,676 - backend.routes.device_routes - INFO - device update requested
2026-05-26 12:09:47,676 - scmxpertlite.request - INFO - request completed
2026-05-26 12:09:47,676 - httpx - INFO - HTTP Request: PATCH http://testserver/api/devices/DEV-001 "HTTP/1.1 200 OK"
2026-05-26 12:09:47,676 - backend.database.mongo - INFO - closing MongoDB connection
2026-05-26 12:09:47,683 - backend.routes.device_routes - INFO - device deletion requested
2026-05-26 12:09:47,683 - scmxpertlite.request - INFO - request completed
2026-05-26 12:09:47,683 - httpx - INFO - HTTP Request: DELETE http://testserver/api/devices/DEV-001 "HTTP/1.1 200 OK"
2026-05-26 12:09:47,684 - backend.database.mongo - INFO - closing MongoDB connection
2026-05-26 12:09:47,689 - backend.routes.shipment_routes - INFO - shipment creation requested
2026-05-26 12:09:47,689 - backend.routes.shipment_routes - INFO - shipment created successfully
2026-05-26 12:09:47,689 - scmxpertlite.request - INFO - request completed
2026-05-26 12:09:47,690 - httpx - INFO - HTTP Request: POST http://testserver/api/shipments "HTTP/1.1 201 Created"
2026-05-26 12:09:47,690 - backend.database.mongo - INFO - closing MongoDB connection
2026-05-26 12:09:47,695 - scmxpertlite.request - INFO - request completed
2026-05-26 12:09:47,695 - httpx - INFO - HTTP Request: POST http://testserver/api/shipments "HTTP/1.1 422 Unprocessable Entity"
2026-05-26 12:09:47,696 - backend.database.mongo - INFO - closing MongoDB connection
2026-05-26 12:09:47,700 - backend.routes.shipment_routes - INFO - shipment list requested
2026-05-26 12:09:47,700 - scmxpertlite.request - INFO - request completed
2026-05-26 12:09:47,700 - httpx - INFO - HTTP Request: GET http://testserver/api/shipments "HTTP/1.1 200 OK"
2026-05-26 12:09:47,700 - backend.database.mongo - INFO - closing MongoDB connection
2026-05-26 12:09:47,700 - backend.routes.shipment_routes - INFO - shipment lookup requested
2026-05-26 12:09:47,700 - scmxpertlite.request - INFO - request completed
2026-05-26 12:09:47,700 - httpx - INFO - HTTP Request: GET http://testserver/api/shipments/SCM-OWN1 "HTTP/1.1 200 OK"
2026-05-26 12:09:47,700 - backend.database.mongo - INFO - closing MongoDB connection
2026-05-26 12:09:47,711 - backend.routes.shipment_routes - INFO - shipment update requested
2026-05-26 12:09:47,711 - scmxpertlite.request - INFO - request completed
2026-05-26 12:09:47,711 - httpx - INFO - HTTP Request: PATCH http://testserver/api/shipments/SCM-OWN1 "HTTP/1.1 200 OK"
2026-05-26 12:09:47,711 - backend.database.mongo - INFO - closing MongoDB connection
2026-05-26 12:09:47,718 - backend.routes.shipment_routes - INFO - shipment deletion requested
2026-05-26 12:09:47,719 - scmxpertlite.request - INFO - request completed
2026-05-26 12:09:47,719 - httpx - INFO - HTTP Request: DELETE http://testserver/api/shipments/SCM-OWN1 "HTTP/1.1 200 OK"
2026-05-26 12:09:47,719 - backend.database.mongo - INFO - closing MongoDB connection
2026-05-26 12:09:47,724 - main - WARNING - application startup completed with degraded database state
2026-05-26 12:09:47,770 - scmxpertlite.request - INFO - request completed
2026-05-26 12:09:47,771 - httpx - INFO - HTTP Request: GET http://testserver/ "HTTP/1.1 200 OK"
2026-05-26 12:09:49,232 - backend.database.mongo - INFO - database connection check succeeded
2026-05-26 12:09:49,232 - backend.database.mongo - INFO - database health check returned up
2026-05-26 12:09:49,232 - scmxpertlite.request - INFO - request completed
2026-05-26 12:09:49,232 - httpx - INFO - HTTP Request: GET http://testserver/health "HTTP/1.1 200 OK"
2026-05-26 12:09:49,232 - backend.database.mongo - INFO - closing MongoDB connection
2026-05-26 12:09:49,534 - backend.routes.auth.user_auth_routes - INFO - signup requested
2026-05-26 12:09:49,534 - backend.routes.auth.user_auth_routes - INFO - signup completed
2026-05-26 12:09:49,534 - scmxpertlite.request - INFO - request completed
2026-05-26 12:09:49,534 - httpx - INFO - HTTP Request: POST http://testserver/api/auth/signup "HTTP/1.1 201 Created"
2026-05-26 12:09:49,534 - backend.database.mongo - INFO - closing MongoDB connection
2026-05-26 12:09:49,545 - backend.routes.auth.user_auth_routes - INFO - signup requested
2026-05-26 12:09:49,545 - backend.routes.auth.user_auth_routes - WARNING - signup rejected by validation or business rule
2026-05-26 12:09:49,545 - scmxpertlite.request - INFO - request completed
2026-05-26 12:09:49,546 - httpx - INFO - HTTP Request: POST http://testserver/api/auth/signup "HTTP/1.1 409 Conflict"
2026-05-26 12:09:49,546 - backend.database.mongo - INFO - closing MongoDB connection
2026-05-26 12:09:49,550 - scmxpertlite.request - INFO - request completed
2026-05-26 12:09:49,552 - httpx - INFO - HTTP Request: POST http://testserver/api/auth/signup "HTTP/1.1 422 Unprocessable Entity"
2026-05-26 12:09:49,552 - backend.database.mongo - INFO - closing MongoDB connection
2026-05-26 12:09:49,558 - backend.routes.auth.user_auth_routes - INFO - oauth token requested
2026-05-26 12:09:49,558 - backend.routes.auth.user_auth_routes - INFO - oauth token issued
2026-05-26 12:09:49,558 - scmxpertlite.request - INFO - request completed
2026-05-26 12:09:49,558 - httpx - INFO - HTTP Request: POST http://testserver/api/auth/token "HTTP/1.1 200 OK"
2026-05-26 12:09:49,558 - backend.database.mongo - INFO - closing MongoDB connection
2026-05-26 12:09:49,561 - backend.database.mongo - INFO - preparing database indexes
2026-05-26 12:09:49,561 - backend.database.mongo - INFO - database indexes prepared successfully
2026-05-26 12:10:12,249 - scmxpertlite.request - INFO - request completed
2026-05-26 12:10:12,249 - httpx - INFO - HTTP Request: GET http://testserver/api/admin/users "HTTP/1.1 403 Forbidden"
2026-05-26 12:10:12,249 - backend.database.mongo - INFO - closing MongoDB connection
2026-05-26 12:10:12,265 - backend.routes.auth.admin_auth_routes - INFO - admin list users requested
2026-05-26 12:10:12,265 - scmxpertlite.request - INFO - request completed
2026-05-26 12:10:12,270 - httpx - INFO - HTTP Request: GET http://testserver/api/admin/users "HTTP/1.1 200 OK"
2026-05-26 12:10:12,270 - backend.database.mongo - INFO - closing MongoDB connection
2026-05-26 12:10:13,160 - backend.routes.device_routes - INFO - device creation requested
2026-05-26 12:10:13,160 - backend.routes.device_routes - INFO - device created successfully
2026-05-26 12:10:13,160 - scmxpertlite.request - INFO - request completed
2026-05-26 12:10:13,160 - httpx - INFO - HTTP Request: POST http://testserver/api/devices "HTTP/1.1 201 Created"
2026-05-26 12:10:13,160 - backend.database.mongo - INFO - closing MongoDB connection
2026-05-26 12:10:13,168 - backend.routes.device_routes - INFO - device creation requested
2026-05-26 12:10:13,168 - backend.routes.device_routes - WARNING - device creation rejected due to duplicate device id
2026-05-26 12:10:13,168 - scmxpertlite.request - INFO - request completed
2026-05-26 12:10:13,168 - httpx - INFO - HTTP Request: POST http://testserver/api/devices "HTTP/1.1 409 Conflict"
2026-05-26 12:10:13,170 - backend.database.mongo - INFO - closing MongoDB connection
2026-05-26 12:10:13,178 - backend.routes.device_routes - INFO - device list requested
2026-05-26 12:10:13,178 - scmxpertlite.request - INFO - request completed
2026-05-26 12:10:13,178 - httpx - INFO - HTTP Request: GET http://testserver/api/devices "HTTP/1.1 200 OK"
2026-05-26 12:10:13,179 - backend.database.mongo - INFO - closing MongoDB connection
2026-05-26 12:10:13,183 - backend.routes.device_routes - INFO - device lookup requested
2026-05-26 12:10:13,183 - scmxpertlite.request - INFO - request completed
2026-05-26 12:10:13,183 - httpx - INFO - HTTP Request: GET http://testserver/api/devices/DEV-001 "HTTP/1.1 200 OK"
2026-05-26 12:10:13,185 - backend.database.mongo - INFO - closing MongoDB connection
2026-05-26 12:10:13,192 - backend.routes.device_routes - INFO - device update requested
2026-05-26 12:10:13,192 - scmxpertlite.request - INFO - request completed
2026-05-26 12:10:13,192 - httpx - INFO - HTTP Request: PATCH http://testserver/api/devices/DEV-001 "HTTP/1.1 200 OK"
2026-05-26 12:10:13,192 - backend.database.mongo - INFO - closing MongoDB connection
2026-05-26 12:10:13,200 - backend.routes.device_routes - INFO - device deletion requested
2026-05-26 12:10:13,200 - scmxpertlite.request - INFO - request completed
2026-05-26 12:10:13,200 - httpx - INFO - HTTP Request: DELETE http://testserver/api/devices/DEV-001 "HTTP/1.1 200 OK"
2026-05-26 12:10:13,200 - backend.database.mongo - INFO - closing MongoDB connection
2026-05-26 12:10:13,204 - backend.routes.shipment_routes - INFO - shipment creation requested
2026-05-26 12:10:13,206 - backend.routes.shipment_routes - INFO - shipment created successfully
2026-05-26 12:10:13,206 - scmxpertlite.request - INFO - request completed
2026-05-26 12:10:13,206 - httpx - INFO - HTTP Request: POST http://testserver/api/shipments "HTTP/1.1 201 Created"
2026-05-26 12:10:13,206 - backend.database.mongo - INFO - closing MongoDB connection
2026-05-26 12:10:13,211 - scmxpertlite.request - INFO - request completed
2026-05-26 12:10:13,211 - httpx - INFO - HTTP Request: POST http://testserver/api/shipments "HTTP/1.1 422 Unprocessable Entity"
2026-05-26 12:10:13,211 - backend.database.mongo - INFO - closing MongoDB connection
2026-05-26 12:10:13,215 - backend.routes.shipment_routes - INFO - shipment list requested
2026-05-26 12:10:13,217 - scmxpertlite.request - INFO - request completed
2026-05-26 12:10:13,217 - httpx - INFO - HTTP Request: GET http://testserver/api/shipments "HTTP/1.1 200 OK"
2026-05-26 12:10:13,217 - backend.database.mongo - INFO - closing MongoDB connection
2026-05-26 12:10:13,221 - backend.routes.shipment_routes - INFO - shipment lookup requested
2026-05-26 12:10:13,221 - scmxpertlite.request - INFO - request completed
2026-05-26 12:10:13,226 - httpx - INFO - HTTP Request: GET http://testserver/api/shipments/SCM-OWN1 "HTTP/1.1 200 OK"
2026-05-26 12:10:13,226 - backend.database.mongo - INFO - closing MongoDB connection
2026-05-26 12:10:13,227 - backend.routes.shipment_routes - INFO - shipment update requested
2026-05-26 12:10:13,227 - scmxpertlite.request - INFO - request completed
2026-05-26 12:10:13,227 - httpx - INFO - HTTP Request: PATCH http://testserver/api/shipments/SCM-OWN1 "HTTP/1.1 200 OK"
2026-05-26 12:10:13,227 - backend.database.mongo - INFO - closing MongoDB connection
2026-05-26 12:10:13,237 - backend.routes.shipment_routes - INFO - shipment deletion requested
2026-05-26 12:10:13,237 - scmxpertlite.request - INFO - request completed
2026-05-26 12:10:13,237 - httpx - INFO - HTTP Request: DELETE http://testserver/api/shipments/SCM-OWN1 "HTTP/1.1 200 OK"
2026-05-26 12:10:13,237 - backend.database.mongo - INFO - closing MongoDB connection
2026-05-26 12:10:13,237 - main - WARNING - application startup completed with degraded database state
2026-05-26 12:10:13,237 - scmxpertlite.request - INFO - request completed
2026-05-26 12:10:13,237 - httpx - INFO - HTTP Request: GET http://testserver/ "HTTP/1.1 200 OK"
2026-05-26 12:10:14,133 - backend.database.mongo - INFO - database connection check succeeded
2026-05-26 12:10:14,133 - backend.database.mongo - INFO - database health check returned up
2026-05-26 12:10:14,133 - scmxpertlite.request - INFO - request completed
2026-05-26 12:10:14,133 - httpx - INFO - HTTP Request: GET http://testserver/health "HTTP/1.1 200 OK"
2026-05-26 12:10:14,133 - backend.database.mongo - INFO - closing MongoDB connection
2026-05-26 12:10:14,175 - backend.routes.auth.user_auth_routes - INFO - signup requested
2026-05-26 12:10:14,175 - backend.routes.auth.user_auth_routes - INFO - signup completed
2026-05-26 12:10:14,175 - scmxpertlite.request - INFO - request completed
2026-05-26 12:10:14,175 - httpx - INFO - HTTP Request: POST http://testserver/api/auth/signup "HTTP/1.1 201 Created"
2026-05-26 12:10:14,175 - backend.database.mongo - INFO - closing MongoDB connection
2026-05-26 12:10:14,182 - backend.routes.auth.user_auth_routes - INFO - signup requested
2026-05-26 12:10:14,182 - backend.routes.auth.user_auth_routes - WARNING - signup rejected by validation or business rule
2026-05-26 12:10:14,182 - scmxpertlite.request - INFO - request completed
2026-05-26 12:10:14,185 - httpx - INFO - HTTP Request: POST http://testserver/api/auth/signup "HTTP/1.1 409 Conflict"
2026-05-26 12:10:14,185 - backend.database.mongo - INFO - closing MongoDB connection
2026-05-26 12:10:14,190 - scmxpertlite.request - INFO - request completed
2026-05-26 12:10:14,190 - httpx - INFO - HTTP Request: POST http://testserver/api/auth/signup "HTTP/1.1 422 Unprocessable Entity"
2026-05-26 12:10:14,192 - backend.database.mongo - INFO - closing MongoDB connection
2026-05-26 12:10:14,199 - backend.routes.auth.user_auth_routes - INFO - oauth token requested
2026-05-26 12:10:14,199 - backend.routes.auth.user_auth_routes - INFO - oauth token issued
2026-05-26 12:10:14,199 - scmxpertlite.request - INFO - request completed
2026-05-26 12:10:14,201 - httpx - INFO - HTTP Request: POST http://testserver/api/auth/token "HTTP/1.1 200 OK"
2026-05-26 12:10:14,201 - backend.database.mongo - INFO - closing MongoDB connection
2026-05-26 12:10:14,228 - backend.database.mongo - INFO - preparing database indexes
2026-05-26 12:10:14,228 - backend.database.mongo - INFO - database indexes prepared successfully
2026-05-26 12:17:32,332 - scmxpertlite.request - INFO - request completed
2026-05-26 12:17:32,332 - httpx - INFO - HTTP Request: GET http://testserver/api/admin/users "HTTP/1.1 403 Forbidden"
2026-05-26 12:17:32,332 - backend.database.mongo - INFO - closing MongoDB connection
2026-05-26 12:17:32,338 - backend.routes.auth.admin_auth_routes - INFO - admin list users requested
2026-05-26 12:17:32,338 - scmxpertlite.request - INFO - request completed
2026-05-26 12:17:32,338 - httpx - INFO - HTTP Request: GET http://testserver/api/admin/users "HTTP/1.1 200 OK"
2026-05-26 12:17:32,346 - backend.database.mongo - INFO - closing MongoDB connection
2026-05-26 12:17:33,208 - backend.routes.device_routes - INFO - device creation requested
2026-05-26 12:17:33,208 - backend.routes.device_routes - INFO - device created successfully
2026-05-26 12:17:33,208 - scmxpertlite.request - INFO - request completed
2026-05-26 12:17:33,208 - httpx - INFO - HTTP Request: POST http://testserver/api/devices "HTTP/1.1 201 Created"
2026-05-26 12:17:33,218 - backend.database.mongo - INFO - closing MongoDB connection
2026-05-26 12:17:33,218 - backend.routes.device_routes - INFO - device creation requested
2026-05-26 12:17:33,218 - backend.routes.device_routes - WARNING - device creation rejected due to duplicate device id
2026-05-26 12:17:33,218 - scmxpertlite.request - INFO - request completed
2026-05-26 12:17:33,218 - httpx - INFO - HTTP Request: POST http://testserver/api/devices "HTTP/1.1 409 Conflict"
2026-05-26 12:17:33,218 - backend.database.mongo - INFO - closing MongoDB connection
2026-05-26 12:17:33,218 - backend.routes.device_routes - INFO - device list requested
2026-05-26 12:17:33,218 - scmxpertlite.request - INFO - request completed
2026-05-26 12:17:33,218 - httpx - INFO - HTTP Request: GET http://testserver/api/devices "HTTP/1.1 200 OK"
2026-05-26 12:17:33,218 - backend.database.mongo - INFO - closing MongoDB connection
2026-05-26 12:17:33,232 - backend.routes.device_routes - INFO - device lookup requested
2026-05-26 12:17:33,234 - scmxpertlite.request - INFO - request completed
2026-05-26 12:17:33,234 - httpx - INFO - HTTP Request: GET http://testserver/api/devices/DEV-001 "HTTP/1.1 200 OK"
2026-05-26 12:17:33,234 - backend.database.mongo - INFO - closing MongoDB connection
2026-05-26 12:17:33,234 - backend.routes.device_routes - INFO - device update requested
2026-05-26 12:17:33,234 - scmxpertlite.request - INFO - request completed
2026-05-26 12:17:33,234 - httpx - INFO - HTTP Request: PATCH http://testserver/api/devices/DEV-001 "HTTP/1.1 200 OK"
2026-05-26 12:17:33,234 - backend.database.mongo - INFO - closing MongoDB connection
2026-05-26 12:17:33,234 - backend.routes.device_routes - INFO - device deletion requested
2026-05-26 12:17:33,234 - scmxpertlite.request - INFO - request completed
2026-05-26 12:17:33,234 - httpx - INFO - HTTP Request: DELETE http://testserver/api/devices/DEV-001 "HTTP/1.1 200 OK"
2026-05-26 12:17:33,234 - backend.database.mongo - INFO - closing MongoDB connection
2026-05-26 12:17:33,250 - backend.routes.shipment_routes - INFO - shipment creation requested
2026-05-26 12:17:33,250 - backend.routes.shipment_routes - INFO - shipment created successfully
2026-05-26 12:17:33,250 - scmxpertlite.request - INFO - request completed
2026-05-26 12:17:33,250 - httpx - INFO - HTTP Request: POST http://testserver/api/shipments "HTTP/1.1 201 Created"
2026-05-26 12:17:33,250 - backend.database.mongo - INFO - closing MongoDB connection
2026-05-26 12:17:33,250 - scmxpertlite.request - INFO - request completed
2026-05-26 12:17:33,250 - httpx - INFO - HTTP Request: POST http://testserver/api/shipments "HTTP/1.1 422 Unprocessable Entity"
2026-05-26 12:17:33,250 - backend.database.mongo - INFO - closing MongoDB connection
2026-05-26 12:17:33,250 - backend.routes.shipment_routes - INFO - shipment list requested
2026-05-26 12:17:33,250 - scmxpertlite.request - INFO - request completed
2026-05-26 12:17:33,250 - httpx - INFO - HTTP Request: GET http://testserver/api/shipments "HTTP/1.1 200 OK"
2026-05-26 12:17:33,250 - backend.database.mongo - INFO - closing MongoDB connection
2026-05-26 12:17:33,266 - backend.routes.shipment_routes - INFO - shipment lookup requested
2026-05-26 12:17:33,266 - scmxpertlite.request - INFO - request completed
2026-05-26 12:17:33,266 - httpx - INFO - HTTP Request: GET http://testserver/api/shipments/SCM-OWN1 "HTTP/1.1 200 OK"
2026-05-26 12:17:33,266 - backend.database.mongo - INFO - closing MongoDB connection
2026-05-26 12:17:33,266 - backend.routes.shipment_routes - INFO - shipment update requested
2026-05-26 12:17:33,266 - scmxpertlite.request - INFO - request completed
2026-05-26 12:17:33,266 - httpx - INFO - HTTP Request: PATCH http://testserver/api/shipments/SCM-OWN1 "HTTP/1.1 200 OK"
2026-05-26 12:17:33,266 - backend.database.mongo - INFO - closing MongoDB connection
2026-05-26 12:17:33,281 - backend.routes.shipment_routes - INFO - shipment deletion requested
2026-05-26 12:17:33,281 - scmxpertlite.request - INFO - request completed
2026-05-26 12:17:33,281 - httpx - INFO - HTTP Request: DELETE http://testserver/api/shipments/SCM-OWN1 "HTTP/1.1 200 OK"
2026-05-26 12:17:33,283 - backend.database.mongo - INFO - closing MongoDB connection
2026-05-26 12:17:33,284 - main - WARNING - application startup completed with degraded database state
2026-05-26 12:17:33,284 - scmxpertlite.request - INFO - request completed
2026-05-26 12:17:33,284 - httpx - INFO - HTTP Request: GET http://testserver/ "HTTP/1.1 200 OK"
2026-05-26 12:17:34,091 - backend.database.mongo - INFO - database connection check succeeded
2026-05-26 12:17:34,107 - backend.database.mongo - INFO - database health check returned up
2026-05-26 12:17:34,107 - scmxpertlite.request - INFO - request completed
2026-05-26 12:17:34,108 - httpx - INFO - HTTP Request: GET http://testserver/health "HTTP/1.1 200 OK"
2026-05-26 12:17:34,109 - backend.database.mongo - INFO - closing MongoDB connection
2026-05-26 12:17:34,147 - backend.routes.auth.user_auth_routes - INFO - signup requested
2026-05-26 12:17:34,147 - backend.routes.auth.user_auth_routes - INFO - signup completed
2026-05-26 12:17:34,147 - scmxpertlite.request - INFO - request completed
2026-05-26 12:17:34,147 - httpx - INFO - HTTP Request: POST http://testserver/api/auth/signup "HTTP/1.1 201 Created"
2026-05-26 12:17:34,147 - backend.database.mongo - INFO - closing MongoDB connection
2026-05-26 12:17:34,163 - backend.routes.auth.user_auth_routes - INFO - signup requested
2026-05-26 12:17:34,163 - backend.routes.auth.user_auth_routes - WARNING - signup rejected by validation or business rule
2026-05-26 12:17:34,163 - scmxpertlite.request - INFO - request completed
2026-05-26 12:17:34,163 - httpx - INFO - HTTP Request: POST http://testserver/api/auth/signup "HTTP/1.1 409 Conflict"
2026-05-26 12:17:34,163 - backend.database.mongo - INFO - closing MongoDB connection
2026-05-26 12:17:34,163 - scmxpertlite.request - INFO - request completed
2026-05-26 12:17:34,163 - httpx - INFO - HTTP Request: POST http://testserver/api/auth/signup "HTTP/1.1 422 Unprocessable Entity"
2026-05-26 12:17:34,163 - backend.database.mongo - INFO - closing MongoDB connection
2026-05-26 12:17:34,178 - backend.routes.auth.user_auth_routes - INFO - oauth token requested
2026-05-26 12:17:34,178 - backend.routes.auth.user_auth_routes - INFO - oauth token issued
2026-05-26 12:17:34,178 - scmxpertlite.request - INFO - request completed
2026-05-26 12:17:34,178 - httpx - INFO - HTTP Request: POST http://testserver/api/auth/token "HTTP/1.1 200 OK"
2026-05-26 12:17:34,178 - backend.database.mongo - INFO - closing MongoDB connection
2026-05-26 12:17:34,184 - backend.database.mongo - INFO - preparing database indexes
2026-05-26 12:17:34,184 - backend.database.mongo - INFO - database indexes prepared successfully
2026-05-26 12:20:55,087 - scmxpertlite.request - INFO - request completed
2026-05-26 12:20:55,087 - httpx - INFO - HTTP Request: GET http://testserver/api/admin/users "HTTP/1.1 403 Forbidden"
2026-05-26 12:20:55,087 - backend.database.mongo - INFO - closing MongoDB connection
2026-05-26 12:20:55,098 - backend.routes.auth.admin_auth_routes - INFO - admin list users requested
2026-05-26 12:20:55,106 - scmxpertlite.request - INFO - request completed
2026-05-26 12:20:55,108 - httpx - INFO - HTTP Request: GET http://testserver/api/admin/users "HTTP/1.1 200 OK"
2026-05-26 12:20:55,108 - backend.database.mongo - INFO - closing MongoDB connection
2026-05-26 12:20:56,556 - backend.routes.device_routes - INFO - device creation requested
2026-05-26 12:20:56,556 - backend.routes.device_routes - INFO - device created successfully
2026-05-26 12:20:56,556 - scmxpertlite.request - INFO - request completed
2026-05-26 12:20:56,556 - httpx - INFO - HTTP Request: POST http://testserver/api/devices "HTTP/1.1 201 Created"
2026-05-26 12:20:56,556 - backend.database.mongo - INFO - closing MongoDB connection
2026-05-26 12:20:56,569 - backend.routes.device_routes - INFO - device creation requested
2026-05-26 12:20:56,569 - backend.routes.device_routes - WARNING - device creation rejected due to duplicate device id
2026-05-26 12:20:56,569 - scmxpertlite.request - INFO - request completed
2026-05-26 12:20:56,570 - httpx - INFO - HTTP Request: POST http://testserver/api/devices "HTTP/1.1 409 Conflict"
2026-05-26 12:20:56,570 - backend.database.mongo - INFO - closing MongoDB connection
2026-05-26 12:20:56,580 - backend.routes.device_routes - INFO - device list requested
2026-05-26 12:20:56,580 - scmxpertlite.request - INFO - request completed
2026-05-26 12:20:56,582 - httpx - INFO - HTTP Request: GET http://testserver/api/devices "HTTP/1.1 200 OK"
2026-05-26 12:20:56,583 - backend.database.mongo - INFO - closing MongoDB connection
2026-05-26 12:20:56,593 - backend.routes.device_routes - INFO - device lookup requested
2026-05-26 12:20:56,593 - scmxpertlite.request - INFO - request completed
2026-05-26 12:20:56,594 - httpx - INFO - HTTP Request: GET http://testserver/api/devices/DEV-001 "HTTP/1.1 200 OK"
2026-05-26 12:20:56,594 - backend.database.mongo - INFO - closing MongoDB connection
2026-05-26 12:20:56,605 - backend.routes.device_routes - INFO - device update requested
2026-05-26 12:20:56,606 - scmxpertlite.request - INFO - request completed
2026-05-26 12:20:56,607 - httpx - INFO - HTTP Request: PATCH http://testserver/api/devices/DEV-001 "HTTP/1.1 200 OK"
2026-05-26 12:20:56,607 - backend.database.mongo - INFO - closing MongoDB connection
2026-05-26 12:20:56,618 - backend.routes.device_routes - INFO - device deletion requested
2026-05-26 12:20:56,618 - scmxpertlite.request - INFO - request completed
2026-05-26 12:20:56,619 - httpx - INFO - HTTP Request: DELETE http://testserver/api/devices/DEV-001 "HTTP/1.1 200 OK"
2026-05-26 12:20:56,620 - backend.database.mongo - INFO - closing MongoDB connection
2026-05-26 12:20:56,629 - backend.routes.shipment_routes - INFO - shipment creation requested
2026-05-26 12:20:56,630 - backend.routes.shipment_routes - INFO - shipment created successfully
2026-05-26 12:20:56,630 - scmxpertlite.request - INFO - request completed
2026-05-26 12:20:56,630 - httpx - INFO - HTTP Request: POST http://testserver/api/shipments "HTTP/1.1 201 Created"
2026-05-26 12:20:56,630 - backend.database.mongo - INFO - closing MongoDB connection
2026-05-26 12:20:56,630 - scmxpertlite.request - INFO - request completed
2026-05-26 12:20:56,630 - httpx - INFO - HTTP Request: POST http://testserver/api/shipments "HTTP/1.1 422 Unprocessable Entity"
2026-05-26 12:20:56,630 - backend.database.mongo - INFO - closing MongoDB connection
2026-05-26 12:20:56,649 - backend.routes.shipment_routes - INFO - shipment list requested
2026-05-26 12:20:56,650 - scmxpertlite.request - INFO - request completed
2026-05-26 12:20:56,651 - httpx - INFO - HTTP Request: GET http://testserver/api/shipments "HTTP/1.1 200 OK"
2026-05-26 12:20:56,652 - backend.database.mongo - INFO - closing MongoDB connection
2026-05-26 12:20:56,661 - backend.routes.shipment_routes - INFO - shipment lookup requested
2026-05-26 12:20:56,662 - scmxpertlite.request - INFO - request completed
2026-05-26 12:20:56,662 - httpx - INFO - HTTP Request: GET http://testserver/api/shipments/SCM-OWN1 "HTTP/1.1 200 OK"
2026-05-26 12:20:56,663 - backend.database.mongo - INFO - closing MongoDB connection
2026-05-26 12:20:56,673 - backend.routes.shipment_routes - INFO - shipment update requested
2026-05-26 12:20:56,673 - scmxpertlite.request - INFO - request completed
2026-05-26 12:20:56,673 - httpx - INFO - HTTP Request: PATCH http://testserver/api/shipments/SCM-OWN1 "HTTP/1.1 200 OK"
2026-05-26 12:20:56,673 - backend.database.mongo - INFO - closing MongoDB connection
2026-05-26 12:20:56,680 - backend.routes.shipment_routes - INFO - shipment deletion requested
2026-05-26 12:20:56,680 - scmxpertlite.request - INFO - request completed
2026-05-26 12:20:56,680 - httpx - INFO - HTTP Request: DELETE http://testserver/api/shipments/SCM-OWN1 "HTTP/1.1 200 OK"
2026-05-26 12:20:56,680 - backend.database.mongo - INFO - closing MongoDB connection
2026-05-26 12:20:56,690 - main - WARNING - application startup completed with degraded database state
2026-05-26 12:20:56,696 - scmxpertlite.request - INFO - request completed
2026-05-26 12:20:56,697 - httpx - INFO - HTTP Request: GET http://testserver/ "HTTP/1.1 200 OK"
2026-05-26 12:20:57,577 - backend.database.mongo - INFO - database connection check succeeded
2026-05-26 12:20:57,577 - backend.database.mongo - INFO - database health check returned up
2026-05-26 12:20:57,577 - scmxpertlite.request - INFO - request completed
2026-05-26 12:20:57,577 - httpx - INFO - HTTP Request: GET http://testserver/health "HTTP/1.1 200 OK"
2026-05-26 12:20:57,577 - backend.database.mongo - INFO - closing MongoDB connection
2026-05-26 12:20:57,609 - backend.routes.auth.user_auth_routes - INFO - signup requested
2026-05-26 12:20:57,609 - backend.routes.auth.user_auth_routes - INFO - signup completed
2026-05-26 12:20:57,609 - scmxpertlite.request - INFO - request completed
2026-05-26 12:20:57,609 - httpx - INFO - HTTP Request: POST http://testserver/api/auth/signup "HTTP/1.1 201 Created"
2026-05-26 12:20:57,609 - backend.database.mongo - INFO - closing MongoDB connection
2026-05-26 12:20:57,625 - backend.routes.auth.user_auth_routes - INFO - signup requested
2026-05-26 12:20:57,625 - backend.routes.auth.user_auth_routes - WARNING - signup rejected by validation or business rule
2026-05-26 12:20:57,625 - scmxpertlite.request - INFO - request completed
2026-05-26 12:20:57,625 - httpx - INFO - HTTP Request: POST http://testserver/api/auth/signup "HTTP/1.1 409 Conflict"
2026-05-26 12:20:57,625 - backend.database.mongo - INFO - closing MongoDB connection
2026-05-26 12:20:57,625 - scmxpertlite.request - INFO - request completed
2026-05-26 12:20:57,625 - httpx - INFO - HTTP Request: POST http://testserver/api/auth/signup "HTTP/1.1 422 Unprocessable Entity"
2026-05-26 12:20:57,641 - backend.database.mongo - INFO - closing MongoDB connection
2026-05-26 12:20:57,641 - backend.routes.auth.user_auth_routes - INFO - oauth token requested
2026-05-26 12:20:57,641 - backend.routes.auth.user_auth_routes - INFO - oauth token issued
2026-05-26 12:20:57,641 - scmxpertlite.request - INFO - request completed
2026-05-26 12:20:57,641 - httpx - INFO - HTTP Request: POST http://testserver/api/auth/token "HTTP/1.1 200 OK"
2026-05-26 12:20:57,641 - backend.database.mongo - INFO - closing MongoDB connection
2026-05-26 12:20:57,656 - backend.database.mongo - INFO - preparing database indexes
2026-05-26 12:20:57,656 - backend.database.mongo - INFO - database indexes prepared successfully
2026-05-26 12:28:50,740 - scmxpertlite.request - INFO - request completed
2026-05-26 12:28:50,741 - httpx - INFO - HTTP Request: GET http://testserver/api/admin/users "HTTP/1.1 403 Forbidden"
2026-05-26 12:28:50,741 - backend.database.mongo - INFO - closing MongoDB connection
2026-05-26 12:28:50,747 - backend.routes.auth.admin_auth_routes - INFO - admin list users requested
2026-05-26 12:28:50,747 - scmxpertlite.request - INFO - request completed
2026-05-26 12:28:50,747 - httpx - INFO - HTTP Request: GET http://testserver/api/admin/users "HTTP/1.1 200 OK"
2026-05-26 12:28:50,747 - backend.database.mongo - INFO - closing MongoDB connection
2026-05-26 12:28:51,630 - backend.routes.device_routes - INFO - device creation requested
2026-05-26 12:28:51,630 - backend.routes.device_routes - INFO - device created successfully
2026-05-26 12:28:51,630 - scmxpertlite.request - INFO - request completed
2026-05-26 12:28:51,630 - httpx - INFO - HTTP Request: POST http://testserver/api/devices "HTTP/1.1 201 Created"
2026-05-26 12:28:51,630 - backend.database.mongo - INFO - closing MongoDB connection
2026-05-26 12:28:51,630 - backend.routes.device_routes - INFO - device creation requested
2026-05-26 12:28:51,630 - backend.routes.device_routes - WARNING - device creation rejected due to duplicate device id
2026-05-26 12:28:51,630 - scmxpertlite.request - INFO - request completed
2026-05-26 12:28:51,630 - httpx - INFO - HTTP Request: POST http://testserver/api/devices "HTTP/1.1 409 Conflict"
2026-05-26 12:28:51,642 - backend.database.mongo - INFO - closing MongoDB connection
2026-05-26 12:28:51,647 - backend.routes.device_routes - INFO - device list requested
2026-05-26 12:28:51,647 - scmxpertlite.request - INFO - request completed
2026-05-26 12:28:51,648 - httpx - INFO - HTTP Request: GET http://testserver/api/devices "HTTP/1.1 200 OK"
2026-05-26 12:28:51,648 - backend.database.mongo - INFO - closing MongoDB connection
2026-05-26 12:28:51,650 - backend.routes.device_routes - INFO - device lookup requested
2026-05-26 12:28:51,650 - scmxpertlite.request - INFO - request completed
2026-05-26 12:28:51,650 - httpx - INFO - HTTP Request: GET http://testserver/api/devices/DEV-001 "HTTP/1.1 200 OK"
2026-05-26 12:28:51,650 - backend.database.mongo - INFO - closing MongoDB connection
2026-05-26 12:28:51,664 - backend.routes.device_routes - INFO - device update requested
2026-05-26 12:28:51,664 - scmxpertlite.request - INFO - request completed
2026-05-26 12:28:51,664 - httpx - INFO - HTTP Request: PATCH http://testserver/api/devices/DEV-001 "HTTP/1.1 200 OK"
2026-05-26 12:28:51,664 - backend.database.mongo - INFO - closing MongoDB connection
2026-05-26 12:28:51,670 - backend.routes.device_routes - INFO - device deletion requested
2026-05-26 12:28:51,670 - scmxpertlite.request - INFO - request completed
2026-05-26 12:28:51,672 - httpx - INFO - HTTP Request: DELETE http://testserver/api/devices/DEV-001 "HTTP/1.1 200 OK"
2026-05-26 12:28:51,672 - backend.database.mongo - INFO - closing MongoDB connection
2026-05-26 12:28:51,681 - backend.routes.shipment_routes - INFO - shipment creation requested
2026-05-26 12:28:51,681 - backend.routes.shipment_routes - INFO - shipment created successfully
2026-05-26 12:28:51,681 - scmxpertlite.request - INFO - request completed
2026-05-26 12:28:51,681 - httpx - INFO - HTTP Request: POST http://testserver/api/shipments "HTTP/1.1 201 Created"
2026-05-26 12:28:51,681 - backend.database.mongo - INFO - closing MongoDB connection
2026-05-26 12:28:51,687 - scmxpertlite.request - INFO - request completed
2026-05-26 12:28:51,687 - httpx - INFO - HTTP Request: POST http://testserver/api/shipments "HTTP/1.1 422 Unprocessable Entity"
2026-05-26 12:28:51,689 - backend.database.mongo - INFO - closing MongoDB connection
2026-05-26 12:28:51,692 - backend.routes.shipment_routes - INFO - shipment list requested
2026-05-26 12:28:51,692 - scmxpertlite.request - INFO - request completed
2026-05-26 12:28:51,692 - httpx - INFO - HTTP Request: GET http://testserver/api/shipments "HTTP/1.1 200 OK"
2026-05-26 12:28:51,692 - backend.database.mongo - INFO - closing MongoDB connection
2026-05-26 12:28:51,698 - backend.routes.shipment_routes - INFO - shipment lookup requested
2026-05-26 12:28:51,700 - scmxpertlite.request - INFO - request completed
2026-05-26 12:28:51,700 - httpx - INFO - HTTP Request: GET http://testserver/api/shipments/SCM-OWN1 "HTTP/1.1 200 OK"
2026-05-26 12:28:51,700 - backend.database.mongo - INFO - closing MongoDB connection
2026-05-26 12:28:51,707 - backend.routes.shipment_routes - INFO - shipment update requested
2026-05-26 12:28:51,707 - scmxpertlite.request - INFO - request completed
2026-05-26 12:28:51,707 - httpx - INFO - HTTP Request: PATCH http://testserver/api/shipments/SCM-OWN1 "HTTP/1.1 200 OK"
2026-05-26 12:28:51,707 - backend.database.mongo - INFO - closing MongoDB connection
2026-05-26 12:28:51,713 - backend.routes.shipment_routes - INFO - shipment deletion requested
2026-05-26 12:28:51,713 - scmxpertlite.request - INFO - request completed
2026-05-26 12:28:51,714 - httpx - INFO - HTTP Request: DELETE http://testserver/api/shipments/SCM-OWN1 "HTTP/1.1 200 OK"
2026-05-26 12:28:51,714 - backend.database.mongo - INFO - closing MongoDB connection
2026-05-26 12:28:51,714 - main - WARNING - application startup completed with degraded database state
2026-05-26 12:28:51,714 - scmxpertlite.request - INFO - request completed
2026-05-26 12:28:51,714 - httpx - INFO - HTTP Request: GET http://testserver/ "HTTP/1.1 200 OK"
2026-05-26 12:28:52,814 - backend.database.mongo - INFO - database connection check succeeded
2026-05-26 12:28:52,814 - backend.database.mongo - INFO - database health check returned up
2026-05-26 12:28:52,814 - scmxpertlite.request - INFO - request completed
2026-05-26 12:28:52,815 - httpx - INFO - HTTP Request: GET http://testserver/health "HTTP/1.1 200 OK"
2026-05-26 12:28:52,815 - backend.database.mongo - INFO - closing MongoDB connection
2026-05-26 12:28:52,857 - backend.routes.auth.user_auth_routes - INFO - signup requested
2026-05-26 12:28:52,859 - backend.routes.auth.user_auth_routes - INFO - signup completed
2026-05-26 12:28:52,859 - scmxpertlite.request - INFO - request completed
2026-05-26 12:28:52,859 - httpx - INFO - HTTP Request: POST http://testserver/api/auth/signup "HTTP/1.1 201 Created"
2026-05-26 12:28:52,859 - backend.database.mongo - INFO - closing MongoDB connection
2026-05-26 12:28:52,862 - backend.routes.auth.user_auth_routes - INFO - signup requested
2026-05-26 12:28:52,862 - backend.routes.auth.user_auth_routes - WARNING - signup rejected by validation or business rule
2026-05-26 12:28:52,862 - scmxpertlite.request - INFO - request completed
2026-05-26 12:28:52,862 - httpx - INFO - HTTP Request: POST http://testserver/api/auth/signup "HTTP/1.1 409 Conflict"
2026-05-26 12:28:52,862 - backend.database.mongo - INFO - closing MongoDB connection
2026-05-26 12:28:52,868 - scmxpertlite.request - INFO - request completed
2026-05-26 12:28:52,868 - httpx - INFO - HTTP Request: POST http://testserver/api/auth/signup "HTTP/1.1 422 Unprocessable Entity"
2026-05-26 12:28:52,868 - backend.database.mongo - INFO - closing MongoDB connection
2026-05-26 12:28:52,876 - backend.routes.auth.user_auth_routes - INFO - oauth token requested
2026-05-26 12:28:52,876 - backend.routes.auth.user_auth_routes - INFO - oauth token issued
2026-05-26 12:28:52,876 - scmxpertlite.request - INFO - request completed
2026-05-26 12:28:52,876 - httpx - INFO - HTTP Request: POST http://testserver/api/auth/token "HTTP/1.1 200 OK"
2026-05-26 12:28:52,876 - backend.database.mongo - INFO - closing MongoDB connection
2026-05-26 12:28:52,877 - backend.database.mongo - INFO - preparing database indexes
2026-05-26 12:28:52,877 - backend.database.mongo - INFO - database indexes prepared successfully
2026-05-26 12:45:42,308 - scmxpertlite.request - INFO - request completed
2026-05-26 12:45:42,310 - httpx - INFO - HTTP Request: GET http://testserver/api/admin/users "HTTP/1.1 403 Forbidden"
2026-05-26 12:45:42,310 - backend.database.mongo - INFO - closing MongoDB connection
2026-05-26 12:45:42,310 - backend.routes.auth.admin_auth_routes - INFO - admin list users requested
2026-05-26 12:45:42,321 - scmxpertlite.request - INFO - request completed
2026-05-26 12:45:42,321 - httpx - INFO - HTTP Request: GET http://testserver/api/admin/users "HTTP/1.1 200 OK"
2026-05-26 12:45:42,321 - backend.database.mongo - INFO - closing MongoDB connection
2026-05-26 12:45:43,194 - backend.routes.device_routes - INFO - device creation requested
2026-05-26 12:45:43,194 - backend.routes.device_routes - INFO - device created successfully
2026-05-26 12:45:43,194 - scmxpertlite.request - INFO - request completed
2026-05-26 12:45:43,194 - httpx - INFO - HTTP Request: POST http://testserver/api/devices "HTTP/1.1 201 Created"
2026-05-26 12:45:43,194 - backend.database.mongo - INFO - closing MongoDB connection
2026-05-26 12:45:43,194 - backend.routes.device_routes - INFO - device creation requested
2026-05-26 12:45:43,194 - backend.routes.device_routes - WARNING - device creation rejected due to duplicate device id
2026-05-26 12:45:43,194 - scmxpertlite.request - INFO - request completed
2026-05-26 12:45:43,194 - httpx - INFO - HTTP Request: POST http://testserver/api/devices "HTTP/1.1 409 Conflict"
2026-05-26 12:45:43,194 - backend.database.mongo - INFO - closing MongoDB connection
2026-05-26 12:45:43,207 - backend.routes.device_routes - INFO - device list requested
2026-05-26 12:45:43,207 - scmxpertlite.request - INFO - request completed
2026-05-26 12:45:43,207 - httpx - INFO - HTTP Request: GET http://testserver/api/devices "HTTP/1.1 200 OK"
2026-05-26 12:45:43,207 - backend.database.mongo - INFO - closing MongoDB connection
2026-05-26 12:45:43,207 - backend.routes.device_routes - INFO - device lookup requested
2026-05-26 12:45:43,207 - scmxpertlite.request - INFO - request completed
2026-05-26 12:45:43,207 - httpx - INFO - HTTP Request: GET http://testserver/api/devices/DEV-001 "HTTP/1.1 200 OK"
2026-05-26 12:45:43,207 - backend.database.mongo - INFO - closing MongoDB connection
2026-05-26 12:45:43,223 - backend.routes.device_routes - INFO - device update requested
2026-05-26 12:45:43,223 - scmxpertlite.request - INFO - request completed
2026-05-26 12:45:43,223 - httpx - INFO - HTTP Request: PATCH http://testserver/api/devices/DEV-001 "HTTP/1.1 200 OK"
2026-05-26 12:45:43,223 - backend.database.mongo - INFO - closing MongoDB connection
2026-05-26 12:45:43,229 - backend.routes.device_routes - INFO - device deletion requested
2026-05-26 12:45:43,229 - scmxpertlite.request - INFO - request completed
2026-05-26 12:45:43,229 - httpx - INFO - HTTP Request: DELETE http://testserver/api/devices/DEV-001 "HTTP/1.1 200 OK"
2026-05-26 12:45:43,229 - backend.database.mongo - INFO - closing MongoDB connection
2026-05-26 12:45:43,229 - backend.routes.shipment_routes - INFO - shipment creation requested
2026-05-26 12:45:43,229 - backend.routes.shipment_routes - INFO - shipment created successfully
2026-05-26 12:45:43,237 - scmxpertlite.request - INFO - request completed
2026-05-26 12:45:43,237 - httpx - INFO - HTTP Request: POST http://testserver/api/shipments "HTTP/1.1 201 Created"
2026-05-26 12:45:43,237 - backend.database.mongo - INFO - closing MongoDB connection
2026-05-26 12:45:43,239 - scmxpertlite.request - INFO - request completed
2026-05-26 12:45:43,239 - httpx - INFO - HTTP Request: POST http://testserver/api/shipments "HTTP/1.1 422 Unprocessable Entity"
2026-05-26 12:45:43,239 - backend.database.mongo - INFO - closing MongoDB connection
2026-05-26 12:45:43,239 - backend.routes.shipment_routes - INFO - shipment list requested
2026-05-26 12:45:43,239 - scmxpertlite.request - INFO - request completed
2026-05-26 12:45:43,239 - httpx - INFO - HTTP Request: GET http://testserver/api/shipments "HTTP/1.1 200 OK"
2026-05-26 12:45:43,239 - backend.database.mongo - INFO - closing MongoDB connection
2026-05-26 12:45:43,256 - backend.routes.shipment_routes - INFO - shipment lookup requested
2026-05-26 12:45:43,256 - scmxpertlite.request - INFO - request completed
2026-05-26 12:45:43,256 - httpx - INFO - HTTP Request: GET http://testserver/api/shipments/SCM-OWN1 "HTTP/1.1 200 OK"
2026-05-26 12:45:43,258 - backend.database.mongo - INFO - closing MongoDB connection
2026-05-26 12:45:43,261 - backend.routes.shipment_routes - INFO - shipment update requested
2026-05-26 12:45:43,261 - scmxpertlite.request - INFO - request completed
2026-05-26 12:45:43,261 - httpx - INFO - HTTP Request: PATCH http://testserver/api/shipments/SCM-OWN1 "HTTP/1.1 200 OK"
2026-05-26 12:45:43,261 - backend.database.mongo - INFO - closing MongoDB connection
2026-05-26 12:45:43,261 - backend.routes.shipment_routes - INFO - shipment deletion requested
2026-05-26 12:45:43,261 - scmxpertlite.request - INFO - request completed
2026-05-26 12:45:43,261 - httpx - INFO - HTTP Request: DELETE http://testserver/api/shipments/SCM-OWN1 "HTTP/1.1 200 OK"
2026-05-26 12:45:43,261 - backend.database.mongo - INFO - closing MongoDB connection
2026-05-26 12:45:43,271 - main - WARNING - application startup completed with degraded database state
2026-05-26 12:45:43,271 - scmxpertlite.request - INFO - request completed
2026-05-26 12:45:43,271 - httpx - INFO - HTTP Request: GET http://testserver/ "HTTP/1.1 200 OK"
2026-05-26 12:45:45,047 - backend.database.mongo - INFO - database connection check succeeded
2026-05-26 12:45:45,047 - backend.database.mongo - INFO - database health check returned up
2026-05-26 12:45:45,047 - scmxpertlite.request - INFO - request completed
2026-05-26 12:45:45,048 - httpx - INFO - HTTP Request: GET http://testserver/health "HTTP/1.1 200 OK"
2026-05-26 12:45:45,048 - backend.database.mongo - INFO - closing MongoDB connection
2026-05-26 12:45:45,160 - backend.routes.auth.user_auth_routes - INFO - signup requested
2026-05-26 12:45:45,160 - backend.routes.auth.user_auth_routes - INFO - signup completed
2026-05-26 12:45:45,160 - scmxpertlite.request - INFO - request completed
2026-05-26 12:45:45,161 - httpx - INFO - HTTP Request: POST http://testserver/api/auth/signup "HTTP/1.1 201 Created"
2026-05-26 12:45:45,162 - backend.database.mongo - INFO - closing MongoDB connection
2026-05-26 12:45:45,166 - backend.routes.auth.user_auth_routes - INFO - signup requested
2026-05-26 12:45:45,166 - backend.routes.auth.user_auth_routes - WARNING - signup rejected by validation or business rule
2026-05-26 12:45:45,166 - scmxpertlite.request - INFO - request completed
2026-05-26 12:45:45,167 - httpx - INFO - HTTP Request: POST http://testserver/api/auth/signup "HTTP/1.1 409 Conflict"
2026-05-26 12:45:45,167 - backend.database.mongo - INFO - closing MongoDB connection
2026-05-26 12:45:45,171 - scmxpertlite.request - INFO - request completed
2026-05-26 12:45:45,171 - httpx - INFO - HTTP Request: POST http://testserver/api/auth/signup "HTTP/1.1 422 Unprocessable Entity"
2026-05-26 12:45:45,172 - backend.database.mongo - INFO - closing MongoDB connection
2026-05-26 12:45:45,178 - backend.routes.auth.user_auth_routes - INFO - oauth token requested
2026-05-26 12:45:45,178 - backend.routes.auth.user_auth_routes - INFO - oauth token issued
2026-05-26 12:45:45,178 - scmxpertlite.request - INFO - request completed
2026-05-26 12:45:45,178 - httpx - INFO - HTTP Request: POST http://testserver/api/auth/token "HTTP/1.1 200 OK"
2026-05-26 12:45:45,179 - backend.database.mongo - INFO - closing MongoDB connection
2026-05-26 12:45:45,181 - backend.database.mongo - INFO - preparing database indexes
2026-05-26 12:46:08,216 - scmxpertlite.request - INFO - request completed
2026-05-26 12:46:08,217 - httpx - INFO - HTTP Request: GET http://testserver/api/admin/users "HTTP/1.1 403 Forbidden"
2026-05-26 12:46:08,217 - backend.database.mongo - INFO - closing MongoDB connection
2026-05-26 12:46:08,222 - backend.routes.auth.admin_auth_routes - INFO - admin list users requested
2026-05-26 12:46:08,226 - scmxpertlite.request - INFO - request completed
2026-05-26 12:46:08,226 - httpx - INFO - HTTP Request: GET http://testserver/api/admin/users "HTTP/1.1 200 OK"
2026-05-26 12:46:08,226 - backend.database.mongo - INFO - closing MongoDB connection
2026-05-26 12:46:09,118 - backend.routes.device_routes - INFO - device creation requested
2026-05-26 12:46:09,119 - backend.routes.device_routes - INFO - device created successfully
2026-05-26 12:46:09,119 - scmxpertlite.request - INFO - request completed
2026-05-26 12:46:09,119 - httpx - INFO - HTTP Request: POST http://testserver/api/devices "HTTP/1.1 201 Created"
2026-05-26 12:46:09,119 - backend.database.mongo - INFO - closing MongoDB connection
2026-05-26 12:46:09,119 - backend.routes.device_routes - INFO - device creation requested
2026-05-26 12:46:09,119 - backend.routes.device_routes - WARNING - device creation rejected due to duplicate device id
2026-05-26 12:46:09,119 - scmxpertlite.request - INFO - request completed
2026-05-26 12:46:09,126 - httpx - INFO - HTTP Request: POST http://testserver/api/devices "HTTP/1.1 409 Conflict"
2026-05-26 12:46:09,126 - backend.database.mongo - INFO - closing MongoDB connection
2026-05-26 12:46:09,133 - backend.routes.device_routes - INFO - device list requested
2026-05-26 12:46:09,133 - scmxpertlite.request - INFO - request completed
2026-05-26 12:46:09,134 - httpx - INFO - HTTP Request: GET http://testserver/api/devices "HTTP/1.1 200 OK"
2026-05-26 12:46:09,134 - backend.database.mongo - INFO - closing MongoDB connection
2026-05-26 12:46:09,140 - backend.routes.device_routes - INFO - device lookup requested
2026-05-26 12:46:09,141 - scmxpertlite.request - INFO - request completed
2026-05-26 12:46:09,141 - httpx - INFO - HTTP Request: GET http://testserver/api/devices/DEV-001 "HTTP/1.1 200 OK"
2026-05-26 12:46:09,141 - backend.database.mongo - INFO - closing MongoDB connection
2026-05-26 12:46:09,142 - backend.routes.device_routes - INFO - device update requested
2026-05-26 12:46:09,142 - scmxpertlite.request - INFO - request completed
2026-05-26 12:46:09,142 - httpx - INFO - HTTP Request: PATCH http://testserver/api/devices/DEV-001 "HTTP/1.1 200 OK"
2026-05-26 12:46:09,142 - backend.database.mongo - INFO - closing MongoDB connection
2026-05-26 12:46:09,142 - backend.routes.device_routes - INFO - device deletion requested
2026-05-26 12:46:09,142 - scmxpertlite.request - INFO - request completed
2026-05-26 12:46:09,142 - httpx - INFO - HTTP Request: DELETE http://testserver/api/devices/DEV-001 "HTTP/1.1 200 OK"
2026-05-26 12:46:09,142 - backend.database.mongo - INFO - closing MongoDB connection
2026-05-26 12:46:09,158 - backend.routes.shipment_routes - INFO - shipment creation requested
2026-05-26 12:46:09,158 - backend.routes.shipment_routes - INFO - shipment created successfully
2026-05-26 12:46:09,158 - scmxpertlite.request - INFO - request completed
2026-05-26 12:46:09,158 - httpx - INFO - HTTP Request: POST http://testserver/api/shipments "HTTP/1.1 201 Created"
2026-05-26 12:46:09,158 - backend.database.mongo - INFO - closing MongoDB connection
2026-05-26 12:46:09,158 - scmxpertlite.request - INFO - request completed
2026-05-26 12:46:09,158 - httpx - INFO - HTTP Request: POST http://testserver/api/shipments "HTTP/1.1 422 Unprocessable Entity"
2026-05-26 12:46:09,158 - backend.database.mongo - INFO - closing MongoDB connection
2026-05-26 12:46:09,158 - backend.routes.shipment_routes - INFO - shipment list requested
2026-05-26 12:46:09,158 - scmxpertlite.request - INFO - request completed
2026-05-26 12:46:09,158 - httpx - INFO - HTTP Request: GET http://testserver/api/shipments "HTTP/1.1 200 OK"
2026-05-26 12:46:09,158 - backend.database.mongo - INFO - closing MongoDB connection
2026-05-26 12:46:09,158 - backend.routes.shipment_routes - INFO - shipment lookup requested
2026-05-26 12:46:09,158 - scmxpertlite.request - INFO - request completed
2026-05-26 12:46:09,158 - httpx - INFO - HTTP Request: GET http://testserver/api/shipments/SCM-OWN1 "HTTP/1.1 200 OK"
2026-05-26 12:46:09,174 - backend.database.mongo - INFO - closing MongoDB connection
2026-05-26 12:46:09,174 - backend.routes.shipment_routes - INFO - shipment update requested
2026-05-26 12:46:09,174 - scmxpertlite.request - INFO - request completed
2026-05-26 12:46:09,174 - httpx - INFO - HTTP Request: PATCH http://testserver/api/shipments/SCM-OWN1 "HTTP/1.1 200 OK"
2026-05-26 12:46:09,174 - backend.database.mongo - INFO - closing MongoDB connection
2026-05-26 12:46:09,182 - backend.routes.shipment_routes - INFO - shipment deletion requested
2026-05-26 12:46:09,182 - scmxpertlite.request - INFO - request completed
2026-05-26 12:46:09,182 - httpx - INFO - HTTP Request: DELETE http://testserver/api/shipments/SCM-OWN1 "HTTP/1.1 200 OK"
2026-05-26 12:46:09,182 - backend.database.mongo - INFO - closing MongoDB connection
2026-05-26 12:46:09,182 - main - WARNING - application startup completed with degraded database state
2026-05-26 12:46:09,182 - scmxpertlite.request - INFO - request completed
2026-05-26 12:46:09,190 - httpx - INFO - HTTP Request: GET http://testserver/ "HTTP/1.1 200 OK"
2026-05-26 12:46:09,778 - backend.database.mongo - INFO - database connection check succeeded
2026-05-26 12:46:09,778 - backend.database.mongo - INFO - database health check returned up
2026-05-26 12:46:09,778 - scmxpertlite.request - INFO - request completed
2026-05-26 12:46:09,778 - httpx - INFO - HTTP Request: GET http://testserver/health "HTTP/1.1 200 OK"
2026-05-26 12:46:09,779 - backend.database.mongo - INFO - closing MongoDB connection
2026-05-26 12:46:09,823 - backend.routes.auth.user_auth_routes - INFO - signup requested
2026-05-26 12:46:09,823 - backend.routes.auth.user_auth_routes - INFO - signup completed
2026-05-26 12:46:09,823 - scmxpertlite.request - INFO - request completed
2026-05-26 12:46:09,823 - httpx - INFO - HTTP Request: POST http://testserver/api/auth/signup "HTTP/1.1 201 Created"
2026-05-26 12:46:09,823 - backend.database.mongo - INFO - closing MongoDB connection
2026-05-26 12:46:09,830 - backend.routes.auth.user_auth_routes - INFO - signup requested
2026-05-26 12:46:09,830 - backend.routes.auth.user_auth_routes - WARNING - signup rejected by validation or business rule
2026-05-26 12:46:09,830 - scmxpertlite.request - INFO - request completed
2026-05-26 12:46:09,830 - httpx - INFO - HTTP Request: POST http://testserver/api/auth/signup "HTTP/1.1 409 Conflict"
2026-05-26 12:46:09,830 - backend.database.mongo - INFO - closing MongoDB connection
2026-05-26 12:46:09,839 - scmxpertlite.request - INFO - request completed
2026-05-26 12:46:09,839 - httpx - INFO - HTTP Request: POST http://testserver/api/auth/signup "HTTP/1.1 422 Unprocessable Entity"
2026-05-26 12:46:09,841 - backend.database.mongo - INFO - closing MongoDB connection
2026-05-26 12:46:09,846 - backend.routes.auth.user_auth_routes - INFO - oauth token requested
2026-05-26 12:46:09,846 - backend.routes.auth.user_auth_routes - INFO - oauth token issued
2026-05-26 12:46:09,846 - scmxpertlite.request - INFO - request completed
2026-05-26 12:46:09,846 - httpx - INFO - HTTP Request: POST http://testserver/api/auth/token "HTTP/1.1 200 OK"
2026-05-26 12:46:09,846 - backend.database.mongo - INFO - closing MongoDB connection
2026-05-26 12:46:09,855 - backend.database.mongo - INFO - preparing database indexes
2026-05-26 12:46:09,855 - backend.database.mongo - INFO - database indexes prepared successfully
2026-05-26 12:46:37,514 - scmxpertlite.request - INFO - request completed
2026-05-26 12:46:37,514 - httpx - INFO - HTTP Request: GET http://testserver/api/admin/users "HTTP/1.1 403 Forbidden"
2026-05-26 12:46:37,514 - backend.database.mongo - INFO - closing MongoDB connection
2026-05-26 12:46:37,529 - backend.routes.auth.admin_auth_routes - INFO - admin list users requested
2026-05-26 12:46:37,534 - scmxpertlite.request - INFO - request completed
2026-05-26 12:46:37,535 - httpx - INFO - HTTP Request: GET http://testserver/api/admin/users "HTTP/1.1 200 OK"
2026-05-26 12:46:37,535 - backend.database.mongo - INFO - closing MongoDB connection
2026-05-26 12:46:38,416 - backend.routes.device_routes - INFO - device creation requested
2026-05-26 12:46:38,416 - backend.routes.device_routes - INFO - device created successfully
2026-05-26 12:46:38,416 - scmxpertlite.request - INFO - request completed
2026-05-26 12:46:38,416 - httpx - INFO - HTTP Request: POST http://testserver/api/devices "HTTP/1.1 201 Created"
2026-05-26 12:46:38,416 - backend.database.mongo - INFO - closing MongoDB connection
2026-05-26 12:46:38,418 - backend.routes.device_routes - INFO - device creation requested
2026-05-26 12:46:38,418 - backend.routes.device_routes - WARNING - device creation rejected due to duplicate device id
2026-05-26 12:46:38,418 - scmxpertlite.request - INFO - request completed
2026-05-26 12:46:38,418 - httpx - INFO - HTTP Request: POST http://testserver/api/devices "HTTP/1.1 409 Conflict"
2026-05-26 12:46:38,418 - backend.database.mongo - INFO - closing MongoDB connection
2026-05-26 12:46:38,424 - backend.routes.device_routes - INFO - device list requested
2026-05-26 12:46:38,424 - scmxpertlite.request - INFO - request completed
2026-05-26 12:46:38,424 - httpx - INFO - HTTP Request: GET http://testserver/api/devices "HTTP/1.1 200 OK"
2026-05-26 12:46:38,429 - backend.database.mongo - INFO - closing MongoDB connection
2026-05-26 12:46:38,431 - backend.routes.device_routes - INFO - device lookup requested
2026-05-26 12:46:38,431 - scmxpertlite.request - INFO - request completed
2026-05-26 12:46:38,431 - httpx - INFO - HTTP Request: GET http://testserver/api/devices/DEV-001 "HTTP/1.1 200 OK"
2026-05-26 12:46:38,431 - backend.database.mongo - INFO - closing MongoDB connection
2026-05-26 12:46:38,431 - backend.routes.device_routes - INFO - device update requested
2026-05-26 12:46:38,431 - scmxpertlite.request - INFO - request completed
2026-05-26 12:46:38,431 - httpx - INFO - HTTP Request: PATCH http://testserver/api/devices/DEV-001 "HTTP/1.1 200 OK"
2026-05-26 12:46:38,431 - backend.database.mongo - INFO - closing MongoDB connection
2026-05-26 12:46:38,445 - backend.routes.device_routes - INFO - device deletion requested
2026-05-26 12:46:38,445 - scmxpertlite.request - INFO - request completed
2026-05-26 12:46:38,445 - httpx - INFO - HTTP Request: DELETE http://testserver/api/devices/DEV-001 "HTTP/1.1 200 OK"
2026-05-26 12:46:38,445 - backend.database.mongo - INFO - closing MongoDB connection
2026-05-26 12:46:38,447 - backend.routes.shipment_routes - INFO - shipment creation requested
2026-05-26 12:46:38,447 - backend.routes.shipment_routes - INFO - shipment created successfully
2026-05-26 12:46:38,447 - scmxpertlite.request - INFO - request completed
2026-05-26 12:46:38,447 - httpx - INFO - HTTP Request: POST http://testserver/api/shipments "HTTP/1.1 201 Created"
2026-05-26 12:46:38,447 - backend.database.mongo - INFO - closing MongoDB connection
2026-05-26 12:46:38,447 - scmxpertlite.request - INFO - request completed
2026-05-26 12:46:38,447 - httpx - INFO - HTTP Request: POST http://testserver/api/shipments "HTTP/1.1 422 Unprocessable Entity"
2026-05-26 12:46:38,447 - backend.database.mongo - INFO - closing MongoDB connection
2026-05-26 12:46:38,460 - backend.routes.shipment_routes - INFO - shipment list requested
2026-05-26 12:46:38,460 - scmxpertlite.request - INFO - request completed
2026-05-26 12:46:38,460 - httpx - INFO - HTTP Request: GET http://testserver/api/shipments "HTTP/1.1 200 OK"
2026-05-26 12:46:38,460 - backend.database.mongo - INFO - closing MongoDB connection
2026-05-26 12:46:38,472 - backend.routes.shipment_routes - INFO - shipment lookup requested
2026-05-26 12:46:38,472 - scmxpertlite.request - INFO - request completed
2026-05-26 12:46:38,472 - httpx - INFO - HTTP Request: GET http://testserver/api/shipments/SCM-OWN1 "HTTP/1.1 200 OK"
2026-05-26 12:46:38,472 - backend.database.mongo - INFO - closing MongoDB connection
2026-05-26 12:46:38,478 - backend.routes.shipment_routes - INFO - shipment update requested
2026-05-26 12:46:38,478 - scmxpertlite.request - INFO - request completed
2026-05-26 12:46:38,482 - httpx - INFO - HTTP Request: PATCH http://testserver/api/shipments/SCM-OWN1 "HTTP/1.1 200 OK"
2026-05-26 12:46:38,482 - backend.database.mongo - INFO - closing MongoDB connection
2026-05-26 12:46:38,482 - backend.routes.shipment_routes - INFO - shipment deletion requested
2026-05-26 12:46:38,482 - scmxpertlite.request - INFO - request completed
2026-05-26 12:46:38,482 - httpx - INFO - HTTP Request: DELETE http://testserver/api/shipments/SCM-OWN1 "HTTP/1.1 200 OK"
2026-05-26 12:46:38,482 - backend.database.mongo - INFO - closing MongoDB connection
2026-05-26 12:46:38,482 - main - WARNING - application startup completed with degraded database state
2026-05-26 12:46:38,492 - scmxpertlite.request - INFO - request completed
2026-05-26 12:46:38,492 - httpx - INFO - HTTP Request: GET http://testserver/ "HTTP/1.1 200 OK"
2026-05-26 12:46:39,708 - backend.database.mongo - INFO - database connection check succeeded
2026-05-26 12:46:39,708 - backend.database.mongo - INFO - database health check returned up
2026-05-26 12:46:39,708 - scmxpertlite.request - INFO - request completed
2026-05-26 12:46:39,708 - httpx - INFO - HTTP Request: GET http://testserver/health "HTTP/1.1 200 OK"
2026-05-26 12:46:39,708 - backend.database.mongo - INFO - closing MongoDB connection
2026-05-26 12:46:39,923 - backend.routes.auth.user_auth_routes - INFO - signup requested
2026-05-26 12:46:39,923 - backend.routes.auth.user_auth_routes - INFO - signup completed
2026-05-26 12:46:39,923 - scmxpertlite.request - INFO - request completed
2026-05-26 12:46:39,925 - httpx - INFO - HTTP Request: POST http://testserver/api/auth/signup "HTTP/1.1 201 Created"
2026-05-26 12:46:39,925 - backend.database.mongo - INFO - closing MongoDB connection
2026-05-26 12:46:39,933 - backend.routes.auth.user_auth_routes - INFO - signup requested
2026-05-26 12:46:39,933 - backend.routes.auth.user_auth_routes - WARNING - signup rejected by validation or business rule
2026-05-26 12:46:39,933 - scmxpertlite.request - INFO - request completed
2026-05-26 12:46:39,933 - httpx - INFO - HTTP Request: POST http://testserver/api/auth/signup "HTTP/1.1 409 Conflict"
2026-05-26 12:46:39,933 - backend.database.mongo - INFO - closing MongoDB connection
2026-05-26 12:46:39,942 - scmxpertlite.request - INFO - request completed
2026-05-26 12:46:39,942 - httpx - INFO - HTTP Request: POST http://testserver/api/auth/signup "HTTP/1.1 422 Unprocessable Entity"
2026-05-26 12:46:39,942 - backend.database.mongo - INFO - closing MongoDB connection
2026-05-26 12:46:39,950 - backend.routes.auth.user_auth_routes - INFO - oauth token requested
2026-05-26 12:46:39,950 - backend.routes.auth.user_auth_routes - INFO - oauth token issued
2026-05-26 12:46:39,950 - scmxpertlite.request - INFO - request completed
2026-05-26 12:46:39,950 - httpx - INFO - HTTP Request: POST http://testserver/api/auth/token "HTTP/1.1 200 OK"
2026-05-26 12:46:39,950 - backend.database.mongo - INFO - closing MongoDB connection
2026-05-26 12:46:39,950 - backend.database.mongo - INFO - preparing database indexes
2026-05-26 12:46:39,950 - backend.database.mongo - INFO - database indexes prepared successfully
